SlNo,State_Code,State,District_Key,District,Confirmed,Active,Recovered,Deceased,Migrated_Other,Delta_Confirmed,Delta_Active,Delta_Recovered,Delta_Deceased,District_Notes,Last_Updated
0,UN,State Unassigned,UN_Unassigned,Unassigned,7250,7250,0,0,0,127,127,0,0,,
1,AN,Andaman and Nicobar Islands,AN_Nicobars,Nicobars,0,0,0,0,0,0,0,0,0,,
2,AN,Andaman and Nicobar Islands,AN_North and Middle Andaman,North and Middle Andaman,1,0,1,0,0,0,0,0,0,,
3,AN,Andaman and Nicobar Islands,AN_South Andaman,South Andaman,32,0,32,0,0,0,0,0,0,,
0,AP,Andhra Pradesh,AP_Foreign Evacuees,Foreign Evacuees,123,119,4,0,0,4,4,0,0,,
4,AP,Andhra Pradesh,AP_Anantapur,Anantapur,255,86,165,4,0,17,17,0,0,,
5,AP,Andhra Pradesh,AP_Chittoor,Chittoor,285,72,209,4,0,4,2,2,0,,
6,AP,Andhra Pradesh,AP_East Godavari,East Godavari,253,166,85,2,0,1,-12,13,0,,
7,AP,Andhra Pradesh,AP_Guntur,Guntur,540,141,390,9,0,5,5,0,0,,
8,AP,Andhra Pradesh,AP_Krishna,Krishna,505,146,337,22,0,8,6,0,2,,
9,AP,Andhra Pradesh,AP_Kurnool,Kurnool,745,131,587,27,0,0,-7,7,0,,
0,AP,Andhra Pradesh,AP_Other State,Other State,700,442,258,0,0,84,70,14,0,,
10,AP,Andhra Pradesh,AP_Prakasam,Prakasam,85,18,67,0,0,1,1,0,0,,
11,AP,Andhra Pradesh,AP_S.P.S. Nellore,S.P.S. Nellore,288,98,186,4,0,5,5,0,0,,
12,AP,Andhra Pradesh,AP_Srikakulam,Srikakulam,29,18,11,0,0,0,0,0,0,,
13,AP,Andhra Pradesh,AP_Visakhapatnam,Visakhapatnam,111,37,73,1,0,1,1,0,0,,
14,AP,Andhra Pradesh,AP_Vizianagaram,Vizianagaram,32,19,13,0,0,2,2,0,0,,
15,AP,Andhra Pradesh,AP_West Godavari,West Godavari,149,92,57,0,0,4,4,0,0,,
16,AP,Andhra Pradesh,AP_Y.S.R. Kadapa,Y.S.R. Kadapa,150,36,114,0,0,2,2,0,0,,
17,AR,Arunachal Pradesh,AR_Anjaw,Anjaw,0,0,0,0,0,0,0,0,0,,
18,AR,Arunachal Pradesh,AR_Changlang,Changlang,28,28,0,0,0,0,0,0,0,,
19,AR,Arunachal Pradesh,AR_East Kameng,East Kameng,0,0,0,0,0,0,0,0,0,,
20,AR,Arunachal Pradesh,AR_East Siang,East Siang,0,0,0,0,0,0,0,0,0,,
21,AR,Arunachal Pradesh,AR_Kamle,Kamle,0,0,0,0,0,0,0,0,0,,
22,AR,Arunachal Pradesh,AR_Kra Daadi,Kra Daadi,0,0,0,0,0,0,0,0,0,,
23,AR,Arunachal Pradesh,AR_Kurung Kumey,Kurung Kumey,0,0,0,0,0,0,0,0,0,,
24,AR,Arunachal Pradesh,AR_Lepa Rada,Lepa Rada,0,0,0,0,0,0,0,0,0,,
25,AR,Arunachal Pradesh,AR_Lohit,Lohit,1,0,1,0,0,0,0,0,0,,
26,AR,Arunachal Pradesh,AR_Longding,Longding,0,0,0,0,0,0,0,0,0,,
27,AR,Arunachal Pradesh,AR_Lower Dibang Valley,Lower Dibang Valley,0,0,0,0,0,0,0,0,0,,
28,AR,Arunachal Pradesh,AR_Lower Siang,Lower Siang,0,0,0,0,0,0,0,0,0,,
29,AR,Arunachal Pradesh,AR_Lower Subansiri,Lower Subansiri,0,0,0,0,0,0,0,0,0,,
30,AR,Arunachal Pradesh,AR_Namsai,Namsai,2,2,0,0,0,0,0,0,0,,
31,AR,Arunachal Pradesh,AR_Pakke Kessang,Pakke Kessang,1,1,0,0,0,0,0,0,0,,
32,AR,Arunachal Pradesh,AR_Papum Pare,Papum Pare,7,7,0,0,0,0,0,0,0,,
33,AR,Arunachal Pradesh,AR_Shi Yomi,Shi Yomi,0,0,0,0,0,0,0,0,0,,
34,AR,Arunachal Pradesh,AR_Siang,Siang,0,0,0,0,0,0,0,0,0,,
35,AR,Arunachal Pradesh,AR_Tawang,Tawang,1,1,0,0,0,0,0,0,0,,
36,AR,Arunachal Pradesh,AR_Tirap,Tirap,0,0,0,0,0,0,0,0,0,,
37,AR,Arunachal Pradesh,AR_Upper Dibang Valley,Upper Dibang Valley,0,0,0,0,0,0,0,0,0,,
38,AR,Arunachal Pradesh,AR_Upper Siang,Upper Siang,1,1,0,0,0,0,0,0,0,,
39,AR,Arunachal Pradesh,AR_Upper Subansiri,Upper Subansiri,0,0,0,0,0,0,0,0,0,,
40,AR,Arunachal Pradesh,AR_West Kameng,West Kameng,0,0,0,0,0,0,0,0,0,,
41,AR,Arunachal Pradesh,AR_West Siang,West Siang,1,1,0,0,0,0,0,0,0,,
42,AS,Assam,AS_Baksa,Baksa,16,16,0,0,0,7,7,0,0,,
43,AS,Assam,AS_Barpeta,Barpeta,68,30,38,0,0,1,-10,11,0,,
44,AS,Assam,AS_Biswanath,Biswanath,40,40,0,0,0,0,0,0,0,,
45,AS,Assam,AS_Bongaigaon,Bongaigaon,11,6,5,0,0,1,1,0,0,,
46,AS,Assam,AS_Cachar,Cachar,80,15,65,0,0,7,8,-1,0,,
47,AS,Assam,AS_Charaideo,Charaideo,14,14,0,0,0,0,0,0,0,,
48,AS,Assam,AS_Chirang,Chirang,33,33,0,0,0,1,1,0,0,,
49,AS,Assam,AS_Darrang,Darrang,43,43,0,0,0,13,13,0,0,,
50,AS,Assam,AS_Dhemaji,Dhemaji,34,29,5,0,0,2,2,0,0,,
51,AS,Assam,AS_Dhubri,Dhubri,238,233,5,0,0,37,37,0,0,,
52,AS,Assam,AS_Dibrugarh,Dibrugarh,42,38,4,0,0,0,-3,3,0,,
53,AS,Assam,AS_Dima Hasao,Dima Hasao,76,69,7,0,0,24,24,0,0,,
54,AS,Assam,AS_Goalpara,Goalpara,42,38,4,0,0,0,0,0,0,,
55,AS,Assam,AS_Golaghat,Golaghat,209,174,35,0,0,0,-6,6,0,,
56,AS,Assam,AS_Hailakandi,Hailakandi,44,43,0,1,0,8,8,0,0,,
57,AS,Assam,AS_Hojai,Hojai,158,158,0,0,0,0,0,0,0,,
58,AS,Assam,AS_Jorhat,Jorhat,27,1,26,0,0,0,-5,5,0,,
59,AS,Assam,AS_Kamrup,Kamrup,115,96,19,0,0,0,-13,13,0,,
60,AS,Assam,AS_Kamrup Metropolitan,Kamrup Metropolitan,391,138,250,3,0,0,0,0,0,,
61,AS,Assam,AS_Karbi Anglong,Karbi Anglong,8,7,1,0,0,0,0,0,0,,
62,AS,Assam,AS_Karimganj,Karimganj,76,74,2,0,0,9,9,0,0,,
63,AS,Assam,AS_Kokrajhar,Kokrajhar,57,57,0,0,0,0,0,0,0,,
64,AS,Assam,AS_Lakhimpur,Lakhimpur,55,49,6,0,0,0,0,0,0,,
65,AS,Assam,AS_Majuli,Majuli,0,0,0,0,0,0,0,0,0,,
66,AS,Assam,AS_Morigaon,Morigaon,48,42,6,0,0,0,0,0,0,,
67,AS,Assam,AS_Nagaon,Nagaon,89,89,0,0,0,7,7,0,0,,
68,AS,Assam,AS_Nalbari,Nalbari,25,21,4,0,0,1,1,0,0,,
0,AS,Assam,AS_Other State,Other State,1,0,1,0,0,0,0,0,0,,
69,AS,Assam,AS_Sivasagar,Sivasagar,26,26,0,0,0,0,0,0,0,,
70,AS,Assam,AS_Sonitpur,Sonitpur,28,2,26,0,0,5,-8,13,0,,
71,AS,Assam,AS_South Salmara Mankachar,South Salmara Mankachar,6,5,1,0,0,2,2,0,0,,
72,AS,Assam,AS_Tinsukia,Tinsukia,66,66,0,0,0,0,0,0,0,,
73,AS,Assam,AS_Udalguri,Udalguri,65,65,0,0,0,3,3,0,0,,
74,AS,Assam,AS_West Karbi Anglong,West Karbi Anglong,13,13,0,0,0,0,0,0,0,,
75,BR,Bihar,BR_Araria,Araria,67,50,16,1,0,5,1,3,1,,
76,BR,Bihar,BR_Arwal,Arwal,52,19,33,0,0,0,-1,1,0,,
77,BR,Bihar,BR_Aurangabad,Aurangabad,81,35,46,0,0,6,6,0,0,,
78,BR,Bihar,BR_Banka,Banka,128,61,67,0,0,1,1,0,0,,
79,BR,Bihar,BR_Begusarai,Begusarai,254,137,114,3,0,0,-3,3,0,,
80,BR,Bihar,BR_Bhagalpur,Bhagalpur,217,131,85,1,0,10,10,0,0,,
81,BR,Bihar,BR_Bhojpur,Bhojpur,99,58,39,2,0,6,6,0,0,,
82,BR,Bihar,BR_Buxar,Buxar,123,19,104,0,0,1,-8,9,0,,
83,BR,Bihar,BR_Darbhanga,Darbhanga,125,71,54,0,0,8,0,8,0,,
101,BR,Bihar,BR_East Champaran,East Champaran,119,53,65,1,0,3,-13,16,0,,
84,BR,Bihar,BR_Gaya,Gaya,105,69,36,0,0,10,3,7,0,,
85,BR,Bihar,BR_Gopalganj,Gopalganj,129,55,74,0,0,3,3,0,0,,
86,BR,Bihar,BR_Jamui,Jamui,45,25,19,1,0,0,-1,1,0,,
87,BR,Bihar,BR_Jehanabad,Jehanabad,176,84,91,1,0,3,3,0,0,,
88,BR,Bihar,BR_Kaimur,Kaimur,94,43,51,0,0,0,0,0,0,,
89,BR,Bihar,BR_Katihar,Katihar,167,102,65,0,0,11,-5,16,0,,
90,BR,Bihar,BR_Khagaria,Khagaria,273,179,91,3,0,4,3,1,0,,
91,BR,Bihar,BR_Kishanganj,Kishanganj,84,65,19,0,0,7,7,0,0,,
92,BR,Bihar,BR_Lakhisarai,Lakhisarai,67,47,20,0,0,4,4,0,0,,
93,BR,Bihar,BR_Madhepura,Madhepura,97,60,36,1,0,0,0,0,0,,
94,BR,Bihar,BR_Madhubani,Madhubani,201,120,81,0,0,0,-3,3,0,,
95,BR,Bihar,BR_Munger,Munger,167,33,133,1,0,8,7,1,0,,
96,BR,Bihar,BR_Muzaffarpur,Muzaffarpur,76,45,31,0,0,2,2,0,0,,
97,BR,Bihar,BR_Nalanda,Nalanda,120,32,87,1,0,6,3,3,0,,
98,BR,Bihar,BR_Nawada,Nawada,113,63,49,1,0,8,3,5,0,,
100,BR,Bihar,BR_Patna,Patna,268,86,180,2,0,0,-1,1,0,,
102,BR,Bihar,BR_Purnia,Purnia,120,84,36,0,0,2,2,0,0,,
103,BR,Bihar,BR_Rohtas,Rohtas,230,75,154,1,0,13,13,0,0,,
104,BR,Bihar,BR_Saharsa,Saharsa,77,31,46,0,0,0,0,0,0,,
105,BR,Bihar,BR_Samastipur,Samastipur,105,50,54,1,0,11,8,3,0,,
106,BR,Bihar,BR_Saran,Saran,90,58,31,1,0,0,-2,2,0,,
107,BR,Bihar,BR_Sheikhpura,Sheikhpura,108,88,20,0,0,1,0,1,0,,
108,BR,Bihar,BR_Sheohar,Sheohar,21,11,9,1,0,7,7,0,0,,
109,BR,Bihar,BR_Sitamarhi,Sitamarhi,65,30,33,2,0,0,-13,13,0,,
110,BR,Bihar,BR_Siwan,Siwan,108,54,52,2,0,6,6,0,0,,
111,BR,Bihar,BR_Supaul,Supaul,90,51,39,0,0,0,-6,6,0,,
112,BR,Bihar,BR_Vaishali,Vaishali,85,45,38,2,0,0,-10,10,0,,
99,BR,Bihar,BR_West Champaran,West Champaran,52,17,35,0,0,0,0,0,0,,
113,CH,Chandigarh,CH_Chandigarh,Chandigarh,309,31,273,5,0,7,-44,51,0,,
114,CT,Chhattisgarh,CT_Balod,Balod,37,18,19,0,0,0,-6,6,0,,
115,CT,Chhattisgarh,CT_Baloda Bazar,Baloda Bazar,81,69,12,0,0,15,10,5,0,,
116,CT,Chhattisgarh,CT_Balrampur,Balrampur,18,13,5,0,0,1,1,0,0,,
117,CT,Chhattisgarh,CT_Bametara,Bametara,20,8,12,0,0,0,-4,4,0,,
118,CT,Chhattisgarh,CT_Bastar,Bastar,3,3,0,0,0,0,0,0,0,,
119,CT,Chhattisgarh,CT_Bijapur,Bijapur,0,0,0,0,0,0,0,0,0,,
120,CT,Chhattisgarh,CT_Bilaspur,Bilaspur,98,81,17,0,0,14,11,3,0,,
121,CT,Chhattisgarh,CT_Dakshin Bastar Dantewada,Dakshin Bastar Dantewada,0,0,0,0,0,0,0,0,0,,
122,CT,Chhattisgarh,CT_Dhamtari,Dhamtari,6,5,1,0,0,0,0,0,0,,
123,CT,Chhattisgarh,CT_Durg,Durg,17,6,10,1,0,1,1,0,0,,
124,CT,Chhattisgarh,CT_Gariaband,Gariaband,10,6,4,0,0,0,0,0,0,,
125,CT,Chhattisgarh,CT_Janjgir Champa,Janjgir Champa,47,33,14,0,0,0,0,0,0,,
126,CT,Chhattisgarh,CT_Jashpur,Jashpur,71,71,0,0,0,0,0,0,0,,
127,CT,Chhattisgarh,CT_Kabeerdham,Kabeerdham,27,9,18,0,0,0,-1,1,0,,
128,CT,Chhattisgarh,CT_Kondagaon,Kondagaon,0,0,0,0,0,0,0,0,0,,
129,CT,Chhattisgarh,CT_Korba,Korba,94,60,34,0,0,40,38,2,0,,
130,CT,Chhattisgarh,CT_Koriya,Koriya,39,34,5,0,0,1,1,0,0,,
131,CT,Chhattisgarh,CT_Mahasamund,Mahasamund,51,51,0,0,0,0,0,0,0,,
132,CT,Chhattisgarh,CT_Mungeli,Mungeli,86,45,41,0,0,0,-2,2,0,,
133,CT,Chhattisgarh,CT_Narayanpur,Narayanpur,0,0,0,0,0,0,0,0,0,,
134,CT,Chhattisgarh,CT_Raigarh,Raigarh,39,33,6,0,0,13,13,0,0,,
135,CT,Chhattisgarh,CT_Raipur,Raipur,30,21,8,1,0,3,3,0,0,,
136,CT,Chhattisgarh,CT_Rajnandgaon,Rajnandgaon,47,46,1,0,0,2,2,0,0,,
137,CT,Chhattisgarh,CT_Sukma,Sukma,0,0,0,0,0,0,0,0,0,,
138,CT,Chhattisgarh,CT_Surajpur,Surajpur,10,3,7,0,0,0,0,0,0,,
139,CT,Chhattisgarh,CT_Surguja,Surguja,9,3,6,0,0,0,0,0,0,,
140,CT,Chhattisgarh,CT_Uttar Bastar Kanker,Uttar Bastar Kanker,20,9,11,0,0,0,-2,2,0,,
766,CT,Chhattisgarh,CT_Gaurela Pendra Marwahi,Gaurela Pendra Marwahi,3,3,0,0,0,0,0,0,0,,
144,DL,Delhi,DL_Central Delhi,Central Delhi,184,184,0,0,0,0,0,0,0,,
145,DL,Delhi,DL_East Delhi,East Delhi,38,38,0,0,0,0,0,0,0,,
146,DL,Delhi,DL_New Delhi,New Delhi,37,37,0,0,0,0,0,0,0,,
147,DL,Delhi,DL_North Delhi,North Delhi,60,60,0,0,0,0,0,0,0,,
148,DL,Delhi,DL_North East Delhi,North East Delhi,25,25,0,0,0,0,0,0,0,,
149,DL,Delhi,DL_North West Delhi,North West Delhi,32,31,0,1,0,0,0,0,0,,
150,DL,Delhi,DL_Shahdara,Shahdara,48,48,0,0,0,0,0,0,0,,
151,DL,Delhi,DL_South Delhi,South Delhi,70,70,0,0,0,0,0,0,0,,
152,DL,Delhi,DL_South East Delhi,South East Delhi,130,130,0,0,0,0,0,0,0,,
153,DL,Delhi,DL_South West Delhi,South West Delhi,42,42,0,0,0,0,0,0,0,,
154,DL,Delhi,DL_West Delhi,West Delhi,122,122,0,0,0,0,0,0,0,,
141,DN,Dadra and Nagar Haveli and Daman and Diu,DN_Dadra and Nagar Haveli,Dadra and Nagar Haveli,14,13,1,0,0,0,0,0,0,,
142,DN,Dadra and Nagar Haveli and Daman and Diu,DN_Daman,Daman,0,0,0,0,0,0,0,0,0,,
143,DN,Dadra and Nagar Haveli and Daman and Diu,DN_Diu,Diu,0,0,0,0,0,0,0,0,0,,
155,GA,Goa,GA_North Goa,North Goa,6,0,6,0,0,0,0,0,0,,
156,GA,Goa,GA_South Goa,South Goa,65,64,1,0,0,0,0,0,0,,
0,GJ,Gujarat,GJ_Other State,Other State,25,17,8,0,0,0,-8,8,0,,
157,GJ,Gujarat,GJ_Ahmedabad,Ahmedabad,13678,3231,9479,968,0,324,43,251,30,,
158,GJ,Gujarat,GJ_Amreli,Amreli,14,11,2,1,0,4,4,0,0,,
159,GJ,Gujarat,GJ_Anand,Anand,106,4,91,11,0,0,-1,0,1,,
160,GJ,Gujarat,GJ_Aravalli,Aravalli,118,0,111,7,0,1,-3,4,0,,
161,GJ,Gujarat,GJ_Banaskantha,Banaskantha,132,30,97,5,0,1,1,0,0,,
162,GJ,Gujarat,GJ_Bharuch,Bharuch,51,14,34,3,0,3,3,0,0,,
163,GJ,Gujarat,GJ_Bhavnagar,Bhavnagar,136,21,105,10,0,4,3,0,1,,
164,GJ,Gujarat,GJ_Botad,Botad,60,3,55,2,0,0,-1,1,0,,
165,GJ,Gujarat,GJ_Chhota Udaipur,Chhota Udaipur,34,11,23,0,0,1,1,0,0,,
167,GJ,Gujarat,GJ_Dahod,Dahod,45,13,32,0,0,0,0,0,0,,
187,GJ,Gujarat,GJ_Dang,Dang,4,2,2,0,0,2,2,0,0,,
166,GJ,Gujarat,GJ_Devbhumi Dwarka,Devbhumi Dwarka,15,4,11,0,0,1,1,0,0,,
168,GJ,Gujarat,GJ_Gandhinagar,Gandhinagar,381,194,172,15,0,21,21,0,0,,
169,GJ,Gujarat,GJ_Gir Somnath,Gir Somnath,45,1,44,0,0,0,-2,2,0,,
170,GJ,Gujarat,GJ_Jamnagar,Jamnagar,61,16,42,3,0,6,6,0,0,,
171,GJ,Gujarat,GJ_Junagadh,Junagadh,32,4,27,1,0,1,0,1,0,,
173,GJ,Gujarat,GJ_Kheda,Kheda,94,32,58,4,0,3,3,0,0,,
172,GJ,Gujarat,GJ_Kutch,Kutch,72,13,55,4,0,0,0,0,0,,
175,GJ,Gujarat,GJ_Mahisagar,Mahisagar,116,16,98,2,0,0,-6,6,0,,
174,GJ,Gujarat,GJ_Mehsana,Mehsana,147,61,80,6,0,9,7,2,0,,
176,GJ,Gujarat,GJ_Morbi,Morbi,4,1,3,0,0,0,0,0,0,,
177,GJ,Gujarat,GJ_Narmada,Narmada,23,5,18,0,0,0,0,0,0,,
178,GJ,Gujarat,GJ_Navsari,Navsari,29,14,14,1,0,1,0,1,0,,
179,GJ,Gujarat,GJ_Panchmahal,Panchmahal,97,13,74,10,0,0,-2,2,0,,
180,GJ,Gujarat,GJ_Patan,Patan,92,18,67,7,0,6,4,2,0,,
181,GJ,Gujarat,GJ_Porbandar,Porbandar,12,4,6,2,0,0,0,0,0,,
182,GJ,Gujarat,GJ_Rajkot,Rajkot,120,44,73,3,0,1,1,0,0,,
183,GJ,Gujarat,GJ_Sabarkantha,Sabarkantha,112,31,78,3,0,1,1,0,0,,
184,GJ,Gujarat,GJ_Surat,Surat,1942,583,1283,76,0,67,26,39,2,,
185,GJ,Gujarat,GJ_Surendranagar,Surendranagar,46,23,21,2,0,3,0,2,1,,
186,GJ,Gujarat,GJ_Tapi,Tapi,6,1,5,0,0,0,0,0,0,,
188,GJ,Gujarat,GJ_Vadodara,Vadodara,1224,461,721,42,0,45,26,19,0,,
189,GJ,Gujarat,GJ_Valsad,Valsad,46,22,22,2,0,5,1,4,0,,
212,HP,Himachal Pradesh,HP_Bilaspur,Bilaspur,20,11,9,0,0,0,0,0,0,,
213,HP,Himachal Pradesh,HP_Chamba,Chamba,28,15,13,0,0,0,0,0,0,,
214,HP,Himachal Pradesh,HP_Hamirpur,Hamirpur,120,64,55,1,0,2,-4,6,0,,
215,HP,Himachal Pradesh,HP_Kangra,Kangra,101,50,50,1,0,3,1,2,0,,
216,HP,Himachal Pradesh,HP_Kinnaur,Kinnaur,2,2,0,0,0,0,0,0,0,,
217,HP,Himachal Pradesh,HP_Kullu,Kullu,3,2,1,0,0,0,0,0,0,,
218,HP,Himachal Pradesh,HP_Lahaul and Spiti,Lahaul and Spiti,0,0,0,0,0,0,0,0,0,,
219,HP,Himachal Pradesh,HP_Mandi,Mandi,20,10,8,2,0,0,0,0,0,,
220,HP,Himachal Pradesh,HP_Shimla,Shimla,12,3,8,1,0,1,1,0,0,,
221,HP,Himachal Pradesh,HP_Sirmaur,Sirmaur,11,8,3,0,0,0,0,0,0,,
222,HP,Himachal Pradesh,HP_Solan,Solan,32,17,11,1,3,0,0,0,0,,
223,HP,Himachal Pradesh,HP_Una,Una,40,15,25,0,0,0,0,0,0,,
0,HR,Haryana,HR_Foreign Evacuees,Foreign Evacuees,21,19,2,0,0,0,0,0,0,,
190,HR,Haryana,HR_Ambala,Ambala,76,31,43,2,0,6,3,3,0,,
191,HR,Haryana,HR_Bhiwani,Bhiwani,57,51,6,0,0,0,0,0,0,,
192,HR,Haryana,HR_Charkhi Dadri,Charkhi Dadri,35,34,1,0,0,22,22,0,0,,
193,HR,Haryana,HR_Faridabad,Faridabad,581,400,171,10,0,59,56,3,0,,
194,HR,Haryana,HR_Fatehabad,Fatehabad,30,21,9,0,0,3,2,1,0,,
195,HR,Haryana,HR_Gurugram,Gurugram,1563,1227,332,4,0,153,113,40,0,,
196,HR,Haryana,HR_Hisar,Hisar,78,56,22,0,0,9,-1,10,0,,
0,HR,Haryana,HR_Italians,Italians,14,0,14,0,0,0,0,0,0,,
197,HR,Haryana,HR_Jhajjar,Jhajjar,107,15,92,0,0,2,2,0,0,,
198,HR,Haryana,HR_Jind,Jind,35,9,24,2,0,2,2,0,0,,
199,HR,Haryana,HR_Kaithal,Kaithal,34,27,7,0,0,1,0,1,0,,
200,HR,Haryana,HR_Karnal,Karnal,81,44,36,1,0,7,-4,11,0,,
201,HR,Haryana,HR_Kurukshetra,Kurukshetra,49,26,23,0,0,12,7,5,0,,
202,HR,Haryana,HR_Mahendragarh,Mahendragarh,77,44,33,0,0,4,-8,12,0,,
203,HR,Haryana,HR_Nuh,Nuh,85,19,66,0,0,3,3,0,0,,
204,HR,Haryana,HR_Palwal,Palwal,100,52,48,0,0,14,14,0,0,,
205,HR,Haryana,HR_Panchkula,Panchkula,28,2,26,0,0,1,1,0,0,,
206,HR,Haryana,HR_Panipat,Panipat,67,13,51,3,0,1,1,0,0,,
207,HR,Haryana,HR_Rewari,Rewari,45,33,12,0,0,11,11,0,0,,
208,HR,Haryana,HR_Rohtak,Rohtak,114,102,11,1,0,4,4,0,0,,
209,HR,Haryana,HR_Sirsa,Sirsa,50,37,13,0,0,2,2,0,0,,
210,HR,Haryana,HR_Sonipat,Sonipat,261,102,158,1,0,0,0,0,0,,
211,HR,Haryana,HR_Yamunanagar,Yamunanagar,9,0,9,0,0,0,0,0,0,,
246,JH,Jharkhand,JH_Bokaro,Bokaro,25,9,15,1,0,1,1,0,0,,
247,JH,Jharkhand,JH_Chatra,Chatra,1,0,1,0,0,0,0,0,0,,
248,JH,Jharkhand,JH_Deoghar,Deoghar,5,0,5,0,0,0,0,0,0,,
249,JH,Jharkhand,JH_Dhanbad,Dhanbad,70,60,10,0,0,0,0,0,0,,
250,JH,Jharkhand,JH_Dumka,Dumka,4,2,2,0,0,0,0,0,0,,
264,JH,Jharkhand,JH_East Singhbhum,East Singhbhum,138,95,43,0,0,14,-7,21,0,,
251,JH,Jharkhand,JH_Garhwa,Garhwa,82,14,68,0,0,10,0,10,0,,
252,JH,Jharkhand,JH_Giridih,Giridih,21,9,11,1,0,0,0,0,0,,
253,JH,Jharkhand,JH_Godda,Godda,1,0,1,0,0,0,0,0,0,,
254,JH,Jharkhand,JH_Gumla,Gumla,29,29,0,0,0,3,3,0,0,,
255,JH,Jharkhand,JH_Hazaribagh,Hazaribagh,91,36,55,0,0,4,-6,10,0,,
256,JH,Jharkhand,JH_Jamtara,Jamtara,2,0,2,0,0,0,0,0,0,,
257,JH,Jharkhand,JH_Khunti,Khunti,11,11,0,0,0,3,3,0,0,,
258,JH,Jharkhand,JH_Koderma,Koderma,72,46,25,1,0,13,13,0,0,,
259,JH,Jharkhand,JH_Latehar,Latehar,15,8,7,0,0,1,1,0,0,,
260,JH,Jharkhand,JH_Lohardaga,Lohardaga,6,4,2,0,0,0,0,0,0,,
261,JH,Jharkhand,JH_Pakur,Pakur,5,-1,6,0,0,0,-3,3,0,,
262,JH,Jharkhand,JH_Palamu,Palamu,27,9,18,0,0,1,0,1,0,,
265,JH,Jharkhand,JH_Ramgarh,Ramgarh,49,39,10,0,0,0,-5,5,0,,
266,JH,Jharkhand,JH_Ranchi,Ranchi,141,10,127,4,0,1,-7,7,1,,
267,JH,Jharkhand,JH_Sahibganj,Sahibganj,3,3,0,0,0,0,0,0,0,,
268,JH,Jharkhand,JH_Saraikela-Kharsawan,Saraikela-Kharsawan,15,15,0,0,0,1,1,0,0,,
269,JH,Jharkhand,JH_Simdega,Simdega,43,19,24,0,0,10,-1,11,0,,
263,JH,Jharkhand,JH_West Singhbhum,West Singhbhum,16,13,3,0,0,0,-1,1,0,,
224,JK,Jammu and Kashmir,JK_Anantnag,Anantnag,383,223,155,5,0,6,6,0,0,,
226,JK,Jammu and Kashmir,JK_Bandipora,Bandipora,180,43,136,1,0,4,4,0,0,,
227,JK,Jammu and Kashmir,JK_Baramulla,Baramulla,308,197,104,7,0,7,7,0,0,,
225,JK,Jammu and Kashmir,JK_Budgam,Budgam,138,69,67,2,0,9,9,0,0,,
228,JK,Jammu and Kashmir,JK_Doda,Doda,35,33,1,1,0,5,5,0,0,,
229,JK,Jammu and Kashmir,JK_Ganderbal,Ganderbal,42,16,26,0,0,1,1,0,0,,
230,JK,Jammu and Kashmir,JK_Jammu,Jammu,190,125,63,2,0,12,1,11,0,,
231,JK,Jammu and Kashmir,JK_Kathua,Kathua,94,62,32,0,0,11,7,4,0,,
232,JK,Jammu and Kashmir,JK_Kishtwar,Kishtwar,17,13,4,0,0,0,-1,1,0,,
233,JK,Jammu and Kashmir,JK_Kulgam,Kulgam,364,309,51,4,0,2,1,1,0,,
234,JK,Jammu and Kashmir,JK_Kupwara,Kupwara,331,248,82,1,0,13,13,0,0,,
235,JK,Jammu and Kashmir,JK_Mirpur,Mirpur,0,0,0,0,0,0,0,0,0,,
236,JK,Jammu and Kashmir,JK_Muzaffarabad,Muzaffarabad,0,0,0,0,0,0,0,0,0,,
237,JK,Jammu and Kashmir,JK_Pulwama,Pulwama,121,108,13,0,0,2,2,0,0,,
238,JK,Jammu and Kashmir,JK_Punch,Punch,65,63,2,0,0,2,2,0,0,,
239,JK,Jammu and Kashmir,JK_Rajouri,Rajouri,48,43,5,0,0,2,2,0,0,,
240,JK,Jammu and Kashmir,JK_Ramban,Ramban,164,148,16,0,0,11,11,0,0,,
241,JK,Jammu and Kashmir,JK_Reasi,Reasi,18,15,3,0,0,1,1,0,0,,
242,JK,Jammu and Kashmir,JK_Samba,Samba,55,34,21,0,0,4,4,0,0,,
243,JK,Jammu and Kashmir,JK_Shopiyan,Shopiyan,282,146,133,3,0,42,21,21,0,,
244,JK,Jammu and Kashmir,JK_Srinagar,Srinagar,366,214,143,9,0,22,21,0,1,,
245,JK,Jammu and Kashmir,JK_Udhampur,Udhampur,123,93,29,1,0,26,26,0,0,,
270,KA,Karnataka,KA_Bagalkote,Bagalkote,91,19,71,1,0,1,1,0,0,,
271,KA,Karnataka,KA_Ballari,Ballari,54,18,35,1,0,1,1,0,0,,
272,KA,Karnataka,KA_Belagavi,Belagavi,258,133,124,1,0,36,36,0,0,,
274,KA,Karnataka,KA_Bengaluru Rural,Bengaluru Rural,31,19,11,1,0,12,12,0,0,,
273,KA,Karnataka,KA_Bengaluru Urban,Bengaluru Urban,434,150,271,13,0,10,1,9,0,,
275,KA,Karnataka,KA_Bidar,Bidar,214,168,41,5,0,39,39,0,0,,
276,KA,Karnataka,KA_Chamarajanagara,Chamarajanagara,0,0,0,0,0,0,0,0,0,,
277,KA,Karnataka,KA_Chikkaballapura,Chikkaballapura,148,90,55,3,0,3,0,3,0,,
278,KA,Karnataka,KA_Chikkamagaluru,Chikkamagaluru,18,2,16,0,0,0,-3,3,0,,
279,KA,Karnataka,KA_Chitradurga,Chitradurga,40,28,12,0,0,0,-3,3,0,,
280,KA,Karnataka,KA_Dakshina Kannada,Dakshina Kannada,143,80,57,6,0,8,8,0,0,,
281,KA,Karnataka,KA_Davanagere,Davanagere,180,27,147,6,0,1,-5,6,0,,
282,KA,Karnataka,KA_Dharwad,Dharwad,54,26,28,0,0,3,2,1,0,,
283,KA,Karnataka,KA_Gadag,Gadag,37,9,26,2,0,0,-9,9,0,,
284,KA,Karnataka,KA_Hassan,Hassan,200,111,89,0,0,3,-29,32,0,,
285,KA,Karnataka,KA_Haveri,Haveri,19,16,3,0,0,2,2,0,0,,
286,KA,Karnataka,KA_Kalaburagi,Kalaburagi,552,416,129,7,0,42,41,1,0,,
287,KA,Karnataka,KA_Kodagu,Kodagu,3,2,1,0,0,0,0,0,0,,
288,KA,Karnataka,KA_Kolar,Kolar,29,20,9,0,0,1,1,0,0,,
289,KA,Karnataka,KA_Koppal,Koppal,4,1,3,0,0,0,0,0,0,,
290,KA,Karnataka,KA_Mandya,Mandya,330,184,146,0,0,13,0,13,0,,
291,KA,Karnataka,KA_Mysuru,Mysuru,97,6,91,0,0,0,0,0,0,,
0,KA,Karnataka,KA_Other State,Other State,34,8,25,1,0,0,0,0,0,,
292,KA,Karnataka,KA_Raichur,Raichur,356,318,37,1,0,0,0,0,0,,
293,KA,Karnataka,KA_Ramanagara,Ramanagara,4,4,0,0,0,2,2,0,0,,
294,KA,Karnataka,KA_Shivamogga,Shivamogga,53,25,28,0,0,0,0,0,0,,
295,KA,Karnataka,KA_Tumakuru,Tumakuru,32,15,15,2,0,0,0,0,0,,
296,KA,Karnataka,KA_Udupi,Udupi,768,685,82,1,0,204,204,0,0,,
297,KA,Karnataka,KA_Uttara Kannada,Uttara Kannada,92,43,49,0,0,7,7,0,0,,
298,KA,Karnataka,KA_Vijayapura,Vijayapura,187,117,65,5,0,53,50,3,0,,
299,KA,Karnataka,KA_Yadgir,Yadgir,373,345,27,1,0,74,74,0,0,,
0,KL,Kerala,KL_Other State,Other State,2,2,0,0,0,0,0,0,0,,
300,KL,Kerala,KL_Alappuzha,Alappuzha,79,66,12,1,0,5,1,4,0,,
301,KL,Kerala,KL_Ernakulam,Ernakulam,73,40,32,1,0,10,6,4,0,,
302,KL,Kerala,KL_Idukki,Idukki,45,21,24,0,0,3,3,0,0,,
303,KL,Kerala,KL_Kannur,Kannur,247,110,135,2,0,0,0,0,0,,
304,KL,Kerala,KL_Kasaragod,Kasaragod,316,104,212,0,0,1,-6,7,0,,
305,KL,Kerala,KL_Kollam,Kollam,91,65,25,1,0,2,2,0,0,,
306,KL,Kerala,KL_Kottayam,Kottayam,65,26,38,1,0,1,1,0,0,,
307,KL,Kerala,KL_Kozhikode,Kozhikode,92,47,44,1,0,4,3,1,0,,
308,KL,Kerala,KL_Malappuram,Malappuram,164,104,58,2,0,18,18,0,0,,
309,KL,Kerala,KL_Palakkad,Palakkad,214,183,30,1,0,40,40,0,0,,
310,KL,Kerala,KL_Pathanamthitta,Pathanamthitta,80,58,22,0,0,11,11,0,0,,
311,KL,Kerala,KL_Thiruvananthapuram,Thiruvananthapuram,95,61,31,3,0,5,4,1,0,,
312,KL,Kerala,KL_Thrissur,Thrissur,95,68,26,1,0,8,3,5,0,,
313,KL,Kerala,KL_Wayanad,Wayanad,42,18,23,1,0,3,3,0,0,,
314,LA,Ladakh,LA_Kargil,Kargil,51,38,13,0,0,2,2,0,0,,
315,LA,Ladakh,LA_Leh,Leh,46,10,35,1,0,1,1,0,0,,
316,LD,Lakshadweep,LD_Lakshadweep,Lakshadweep,0,0,0,0,0,0,0,0,0,,
369,MH,Maharashtra,MH_Ahmednagar,Ahmednagar,188,104,76,8,0,18,14,4,0,,
370,MH,Maharashtra,MH_Akola,Akola,727,289,405,33,0,48,28,20,0,,
371,MH,Maharashtra,MH_Amravati,Amravati,275,95,164,16,0,3,-3,6,0,,
372,MH,Maharashtra,MH_Aurangabad,Aurangabad,1781,543,1148,90,0,67,37,29,1,,
374,MH,Maharashtra,MH_Beed,Beed,51,12,38,1,0,0,-9,9,0,,
373,MH,Maharashtra,MH_Bhandara,Bhandara,38,24,14,0,0,0,0,0,0,,
375,MH,Maharashtra,MH_Buldhana,Buldhana,82,31,48,3,0,2,0,2,0,,
376,MH,Maharashtra,MH_Chandrapur,Chandrapur,30,5,25,0,0,2,2,0,0,,
377,MH,Maharashtra,MH_Dhule,Dhule,195,72,102,21,0,8,5,3,0,,
378,MH,Maharashtra,MH_Gadchiroli,Gadchiroli,41,16,25,0,0,1,-5,6,0,,
379,MH,Maharashtra,MH_Gondia,Gondia,68,18,50,0,0,0,0,0,0,,
380,MH,Maharashtra,MH_Hingoli,Hingoli,205,59,146,0,0,11,11,0,0,,
381,MH,Maharashtra,MH_Jalgaon,Jalgaon,896,413,374,109,0,44,18,12,14,,
382,MH,Maharashtra,MH_Jalna,Jalna,170,89,78,3,0,11,5,6,0,,
383,MH,Maharashtra,MH_Kolhapur,Kolhapur,630,321,303,6,0,18,-25,43,0,,
384,MH,Maharashtra,MH_Latur,Latur,132,45,83,4,0,1,-10,11,0,,
385,MH,Maharashtra,MH_Mumbai,Mumbai,46080,25783,18778,1519,0,1149,413,682,54,,
386,MH,Maharashtra,MH_Mumbai Suburban,Mumbai Suburban,0,0,0,0,0,0,0,0,0,,
387,MH,Maharashtra,MH_Nagpur,Nagpur,681,259,411,11,0,19,18,1,0,,
388,MH,Maharashtra,MH_Nanded,Nanded,162,53,102,7,0,5,5,0,0,,
389,MH,Maharashtra,MH_Nandurbar,Nandurbar,40,8,28,4,0,1,1,0,0,,
390,MH,Maharashtra,MH_Nashik,Nashik,1367,308,978,81,0,70,24,36,10,,
391,MH,Maharashtra,MH_Osmanabad,Osmanabad,106,50,53,3,0,10,2,8,0,,
0,MH,Maharashtra,MH_Other State,Other State,65,47,0,18,0,1,1,0,0,,
392,MH,Maharashtra,MH_Palghar,Palghar,1285,780,468,37,0,51,40,10,1,,
393,MH,Maharashtra,MH_Parbhani,Parbhani,77,29,45,3,0,2,-17,19,0,,
394,MH,Maharashtra,MH_Pune,Pune,9051,3768,4893,390,0,226,93,119,14,,
395,MH,Maharashtra,MH_Raigad,Raigad,1362,603,704,55,0,69,69,0,0,,
396,MH,Maharashtra,MH_Ratnagiri,Ratnagiri,344,205,129,10,0,15,4,6,5,,
397,MH,Maharashtra,MH_Sangli,Sangli,136,53,79,4,0,9,1,8,0,,
398,MH,Maharashtra,MH_Satara,Satara,587,315,250,22,0,3,-35,38,0,,
399,MH,Maharashtra,MH_Sindhudurg,Sindhudurg,105,88,17,0,0,18,18,0,0,,
400,MH,Maharashtra,MH_Solapur,Solapur,1217,551,572,94,0,92,-25,115,2,,
401,MH,Maharashtra,MH_Thane,Thane,11877,7140,4445,292,0,457,153,266,38,,
402,MH,Maharashtra,MH_Wardha,Wardha,9,2,6,1,0,0,-2,2,0,,
403,MH,Maharashtra,MH_Washim,Washim,9,1,6,2,0,0,0,0,0,,
404,MH,Maharashtra,MH_Yavatmal,Yavatmal,160,54,104,2,0,5,0,5,0,,
421,ML,Meghalaya,ML_East Garo Hills,East Garo Hills,0,0,0,0,0,0,0,0,0,,
422,ML,Meghalaya,ML_East Jaintia Hills,East Jaintia Hills,0,0,0,0,0,0,0,0,0,,
423,ML,Meghalaya,ML_East Khasi Hills,East Khasi Hills,16,2,13,1,0,0,0,0,0,,
424,ML,Meghalaya,ML_North Garo Hills,North Garo Hills,1,1,0,0,0,0,0,0,0,,
425,ML,Meghalaya,ML_Ribhoi,Ribhoi,0,0,0,0,0,0,0,0,0,,
426,ML,Meghalaya,ML_South Garo Hills,South Garo Hills,0,0,0,0,0,0,0,0,0,,
427,ML,Meghalaya,ML_South West Garo Hills,South West Garo Hills,4,4,0,0,0,0,0,0,0,,
428,ML,Meghalaya,ML_South West Khasi Hills,South West Khasi Hills,0,0,0,0,0,0,0,0,0,,
429,ML,Meghalaya,ML_West Garo Hills,West Garo Hills,5,5,0,0,0,0,0,0,0,,
430,ML,Meghalaya,ML_West Jaintia Hills,West Jaintia Hills,1,1,0,0,0,0,0,0,0,,
431,ML,Meghalaya,ML_West Khasi Hills,West Khasi Hills,1,1,0,0,0,0,0,0,0,,
405,MN,Manipur,MN_Bishnupur,Bishnupur,4,4,0,0,0,0,0,0,0,,
406,MN,Manipur,MN_Chandel,Chandel,2,2,0,0,0,0,0,0,0,,
407,MN,Manipur,MN_Churachandpur,Churachandpur,21,18,3,0,0,0,0,0,0,,
408,MN,Manipur,MN_Imphal East,Imphal East,10,-2,12,0,0,0,0,0,0,,
409,MN,Manipur,MN_Imphal West,Imphal West,26,25,1,0,0,8,8,0,0,,
410,MN,Manipur,MN_Jiribam,Jiribam,0,0,0,0,0,0,0,0,0,,
411,MN,Manipur,MN_Kakching,Kakching,2,2,0,0,0,0,0,0,0,,
412,MN,Manipur,MN_Kamjong,Kamjong,2,0,2,0,0,0,0,0,0,,
413,MN,Manipur,MN_Kangpokpi,Kangpokpi,5,5,0,0,0,0,0,0,0,,
414,MN,Manipur,MN_Noney,Noney,3,3,0,0,0,0,0,0,0,,
415,MN,Manipur,MN_Pherzawl,Pherzawl,0,0,0,0,0,0,0,0,0,,
416,MN,Manipur,MN_Senapati,Senapati,5,5,0,0,0,0,0,0,0,,
417,MN,Manipur,MN_Tamenglong,Tamenglong,5,5,0,0,0,0,0,0,0,,
418,MN,Manipur,MN_Tengnoupal,Tengnoupal,7,7,0,0,0,0,0,0,0,,
419,MN,Manipur,MN_Thoubal,Thoubal,4,2,2,0,0,0,0,0,0,,
420,MN,Manipur,MN_Ukhrul,Ukhrul,5,5,0,0,0,0,0,0,0,,
317,MP,Madhya Pradesh,MP_Agar Malwa,Agar Malwa,14,1,12,1,0,1,1,0,0,,
318,MP,Madhya Pradesh,MP_Alirajpur,Alirajpur,3,0,3,0,0,0,0,0,0,,
319,MP,Madhya Pradesh,MP_Anuppur,Anuppur,21,18,3,0,0,1,1,0,0,,
320,MP,Madhya Pradesh,MP_Ashoknagar,Ashoknagar,13,1,11,1,0,1,1,0,0,,
321,MP,Madhya Pradesh,MP_Balaghat,Balaghat,7,5,2,0,0,0,0,0,0,,
322,MP,Madhya Pradesh,MP_Barwani,Barwani,54,12,41,1,0,1,-2,3,0,,
323,MP,Madhya Pradesh,MP_Betul,Betul,35,30,5,0,0,1,1,0,0,,
324,MP,Madhya Pradesh,MP_Bhind,Bhind,70,37,33,0,0,9,9,0,0,,
325,MP,Madhya Pradesh,MP_Bhopal,Bhopal,1682,464,1157,61,0,52,6,46,0,,
326,MP,Madhya Pradesh,MP_Burhanpur,Burhanpur,316,35,265,16,0,0,-10,10,0,,
327,MP,Madhya Pradesh,MP_Chhatarpur,Chhatarpur,29,12,17,0,0,0,-8,8,0,,
328,MP,Madhya Pradesh,MP_Chhindwara,Chhindwara,16,11,4,1,0,1,1,0,0,,
329,MP,Madhya Pradesh,MP_Damoh,Damoh,26,10,16,0,0,0,0,0,0,,
330,MP,Madhya Pradesh,MP_Datia,Datia,11,4,6,1,0,0,0,0,0,,
331,MP,Madhya Pradesh,MP_Dewas,Dewas,114,33,72,9,0,4,-4,8,0,,
332,MP,Madhya Pradesh,MP_Dhar,Dhar,126,13,110,3,0,1,1,0,0,,
333,MP,Madhya Pradesh,MP_Dindori,Dindori,29,24,5,0,0,5,4,1,0,,
335,MP,Madhya Pradesh,MP_Guna,Guna,4,3,1,0,0,0,0,0,0,,
336,MP,Madhya Pradesh,MP_Gwalior,Gwalior,176,69,105,2,0,3,-8,11,0,,
337,MP,Madhya Pradesh,MP_Harda,Harda,3,0,3,0,0,0,0,0,0,,
338,MP,Madhya Pradesh,MP_Hoshangabad,Hoshangabad,37,0,34,3,0,0,0,0,0,,
339,MP,Madhya Pradesh,MP_Indore,Indore,3687,1295,2243,149,0,54,-9,59,4,,
340,MP,Madhya Pradesh,MP_Jabalpur,Jabalpur,267,60,197,10,0,4,4,0,0,,
341,MP,Madhya Pradesh,MP_Jhabua,Jhabua,13,3,9,1,0,0,0,0,0,,
342,MP,Madhya Pradesh,MP_Katni,Katni,3,3,0,0,0,0,0,0,0,,
334,MP,Madhya Pradesh,MP_Khandwa,Khandwa,258,27,216,15,0,7,2,4,1,,
368,MP,Madhya Pradesh,MP_Khargone,Khargone,181,61,108,12,0,12,10,1,1,,
343,MP,Madhya Pradesh,MP_Mandla,Mandla,5,3,1,1,0,1,1,0,0,,
344,MP,Madhya Pradesh,MP_Mandsaur,Mandsaur,93,4,81,8,0,0,0,0,0,,
345,MP,Madhya Pradesh,MP_Morena,Morena,106,18,87,1,0,8,6,2,0,,
346,MP,Madhya Pradesh,MP_Narsinghpur,Narsinghpur,17,14,3,0,0,5,4,1,0,,
347,MP,Madhya Pradesh,MP_Neemuch,Neemuch,290,147,138,5,0,38,5,33,0,,
348,MP,Madhya Pradesh,MP_Niwari,Niwari,0,0,0,0,0,0,0,0,0,,
0,MP,Madhya Pradesh,MP_Other Region,Other Region,0,0,0,0,0,0,0,0,0,,
349,MP,Madhya Pradesh,MP_Panna,Panna,20,16,4,0,0,0,0,0,0,,
350,MP,Madhya Pradesh,MP_Raisen,Raisen,69,1,65,3,0,0,0,0,0,,
351,MP,Madhya Pradesh,MP_Rajgarh,Rajgarh,14,12,1,1,0,0,0,0,0,,
352,MP,Madhya Pradesh,MP_Ratlam,Ratlam,44,11,31,2,0,1,1,0,0,,
353,MP,Madhya Pradesh,MP_Rewa,Rewa,35,8,27,0,0,0,0,0,0,,
354,MP,Madhya Pradesh,MP_Sagar,Sagar,216,66,140,10,0,9,-35,44,0,,
355,MP,Madhya Pradesh,MP_Satna,Satna,22,2,18,2,0,1,1,0,0,,
356,MP,Madhya Pradesh,MP_Sehore,Sehore,15,9,4,2,0,0,0,0,0,,
357,MP,Madhya Pradesh,MP_Seoni,Seoni,2,0,2,0,0,0,0,0,0,,
358,MP,Madhya Pradesh,MP_Shahdol,Shahdol,12,6,6,0,0,0,-3,3,0,,
359,MP,Madhya Pradesh,MP_Shajapur,Shajapur,11,2,8,1,0,0,0,0,0,,
360,MP,Madhya Pradesh,MP_Sheopur,Sheopur,19,13,5,1,0,0,0,0,0,,
361,MP,Madhya Pradesh,MP_Shivpuri,Shivpuri,15,9,6,0,0,4,4,0,0,,
362,MP,Madhya Pradesh,MP_Sidhi,Sidhi,17,11,6,0,0,0,0,0,0,,
363,MP,Madhya Pradesh,MP_Singrauli,Singrauli,11,10,1,0,0,0,0,0,0,,
364,MP,Madhya Pradesh,MP_Tikamgarh,Tikamgarh,15,8,6,1,0,0,0,0,0,,
365,MP,Madhya Pradesh,MP_Ujjain,Ujjain,707,110,538,59,0,9,1,7,1,,
366,MP,Madhya Pradesh,MP_Umaria,Umaria,10,7,2,1,0,0,0,0,0,,
367,MP,Madhya Pradesh,MP_Vidisha,Vidisha,36,16,20,0,0,1,1,0,0,,
432,MZ,Mizoram,MZ_Aizawl,Aizawl,6,5,1,0,0,4,4,0,0,,
433,MZ,Mizoram,MZ_Champhai,Champhai,0,0,0,0,0,0,0,0,0,,
729,MZ,Mizoram,MZ_Hnahthial,Hnahthial,0,0,0,0,0,0,0,0,0,,
730,MZ,Mizoram,MZ_Khawzawl,Khawzawl,0,0,0,0,0,0,0,0,0,,
434,MZ,Mizoram,MZ_Kolasib,Kolasib,0,0,0,0,0,0,0,0,0,,
435,MZ,Mizoram,MZ_Lawngtlai,Lawngtlai,0,0,0,0,0,0,0,0,0,,
436,MZ,Mizoram,MZ_Lunglei,Lunglei,2,2,0,0,0,1,1,0,0,,
437,MZ,Mizoram,MZ_Mamit,Mamit,1,1,0,0,0,0,0,0,0,,
438,MZ,Mizoram,MZ_Saiha,Saiha,0,0,0,0,0,0,0,0,0,,
728,MZ,Mizoram,MZ_Saitual,Saitual,1,1,0,0,0,0,0,0,0,,
439,MZ,Mizoram,MZ_Serchhip,Serchhip,0,0,0,0,0,0,0,0,0,,
440,NL,Nagaland,NL_Dimapur,Dimapur,57,57,0,0,0,0,0,0,0,,
441,NL,Nagaland,NL_Kiphire,Kiphire,0,0,0,0,0,0,0,0,0,,
442,NL,Nagaland,NL_Kohima,Kohima,17,17,0,0,0,0,0,0,0,,
443,NL,Nagaland,NL_Longleng,Longleng,0,0,0,0,0,0,0,0,0,,
444,NL,Nagaland,NL_Mokokchung,Mokokchung,0,0,0,0,0,0,0,0,0,,
445,NL,Nagaland,NL_Mon,Mon,0,0,0,0,0,0,0,0,0,,
446,NL,Nagaland,NL_Peren,Peren,1,1,0,0,0,0,0,0,0,,
447,NL,Nagaland,NL_Phek,Phek,0,0,0,0,0,0,0,0,0,,
448,NL,Nagaland,NL_Tuensang,Tuensang,5,5,0,0,0,0,0,0,0,,
449,NL,Nagaland,NL_Wokha,Wokha,0,0,0,0,0,0,0,0,0,,
450,NL,Nagaland,NL_Zunheboto,Zunheboto,0,0,0,0,0,0,0,0,0,,
451,OR,Odisha,OR_Angul,Angul,31,6,25,0,0,1,0,1,0,,
452,OR,Odisha,OR_Balangir,Balangir,105,67,38,0,0,3,-11,14,0,,
453,OR,Odisha,OR_Balasore,Balasore,179,41,137,1,0,0,-3,3,0,,
454,OR,Odisha,OR_Bargarh,Bargarh,16,14,2,0,0,4,4,0,0,,
456,OR,Odisha,OR_Bhadrak,Bhadrak,136,30,106,0,0,4,4,0,0,,
455,OR,Odisha,OR_Boudh,Boudh,34,1,33,0,0,0,0,0,0,,
457,OR,Odisha,OR_Cuttack,Cuttack,154,73,80,1,0,23,1,22,0,,
458,OR,Odisha,OR_Deogarh,Deogarh,33,9,24,0,0,0,0,0,0,,
459,OR,Odisha,OR_Dhenkanal,Dhenkanal,33,27,6,0,0,2,0,2,0,,
460,OR,Odisha,OR_Gajapati,Gajapati,51,41,10,0,0,7,7,0,0,,
461,OR,Odisha,OR_Ganjam,Ganjam,533,141,389,3,0,12,-23,35,0,,
462,OR,Odisha,OR_Jagatsinghpur,Jagatsinghpur,87,46,41,0,0,1,1,0,0,,
463,OR,Odisha,OR_Jajpur,Jajpur,293,51,242,0,0,3,3,0,0,,
464,OR,Odisha,OR_Jharsuguda,Jharsuguda,7,1,6,0,0,0,0,0,0,,
465,OR,Odisha,OR_Kalahandi,Kalahandi,25,10,15,0,0,3,3,0,0,,
466,OR,Odisha,OR_Kandhamal,Kandhamal,25,12,13,0,0,3,-4,7,0,,
467,OR,Odisha,OR_Kendrapara,Kendrapara,163,64,99,0,0,2,-2,4,0,,
468,OR,Odisha,OR_Kendujhar,Kendujhar,32,14,18,0,0,2,2,0,0,,
469,OR,Odisha,OR_Khordha,Khordha,217,125,87,5,0,22,11,10,1,,
470,OR,Odisha,OR_Koraput,Koraput,14,7,7,0,0,6,0,6,0,,
471,OR,Odisha,OR_Malkangiri,Malkangiri,21,2,19,0,0,0,0,0,0,,
472,OR,Odisha,OR_Mayurbhanj,Mayurbhanj,57,42,15,0,0,22,21,1,0,,
473,OR,Odisha,OR_Nabarangapur,Nabarangapur,2,1,1,0,0,0,0,0,0,,
474,OR,Odisha,OR_Nayagarh,Nayagarh,76,28,48,0,0,0,-3,3,0,,
475,OR,Odisha,OR_Nuapada,Nuapada,60,46,14,0,0,0,-14,14,0,,
476,OR,Odisha,OR_Puri,Puri,99,18,81,0,0,1,1,0,0,,
477,OR,Odisha,OR_Rayagada,Rayagada,2,2,0,0,0,1,1,0,0,,
478,OR,Odisha,OR_Sambalpur,Sambalpur,16,11,5,0,0,0,0,0,0,,
479,OR,Odisha,OR_Subarnapur,Subarnapur,26,23,3,0,0,1,1,0,0,,
480,OR,Odisha,OR_Sundargarh,Sundargarh,81,41,40,0,0,7,6,1,0,,
485,PB,Punjab,PB_Amritsar,Amritsar,408,74,327,7,0,3,-11,14,0,,
486,PB,Punjab,PB_Barnala,Barnala,24,2,21,1,0,0,0,0,0,,
487,PB,Punjab,PB_Bathinda,Bathinda,54,9,45,0,0,1,1,0,0,,
488,PB,Punjab,PB_Faridkot,Faridkot,67,6,61,0,0,1,1,0,0,,
489,PB,Punjab,PB_Fatehgarh Sahib,Fatehgarh Sahib,65,8,57,0,0,1,1,0,0,,
490,PB,Punjab,PB_Fazilka,Fazilka,45,3,42,0,0,0,0,0,0,,
491,PB,Punjab,PB_Ferozepur,Ferozepur,46,0,45,1,0,0,0,0,0,,
492,PB,Punjab,PB_Gurdaspur,Gurdaspur,148,14,131,3,0,3,3,0,0,,
493,PB,Punjab,PB_Hoshiarpur,Hoshiarpur,134,13,116,5,0,0,0,0,0,,
494,PB,Punjab,PB_Jalandhar,Jalandhar,270,46,216,8,0,8,8,0,0,,
495,PB,Punjab,PB_Kapurthala,Kapurthala,40,4,33,3,0,2,2,0,0,,
496,PB,Punjab,PB_Ludhiana,Ludhiana,222,58,155,9,0,16,13,3,0,,
497,PB,Punjab,PB_Mansa,Mansa,32,0,32,0,0,0,0,0,0,,
498,PB,Punjab,PB_Moga,Moga,65,1,64,0,0,1,-4,5,0,,
499,PB,Punjab,PB_Pathankot,Pathankot,81,35,43,3,0,1,-1,2,0,,
500,PB,Punjab,PB_Patiala,Patiala,126,18,106,2,0,1,1,0,0,,
501,PB,Punjab,PB_Rupnagar,Rupnagar,71,11,59,1,0,0,0,0,0,,
502,PB,Punjab,PB_S.A.S. Nagar,S.A.S. Nagar,124,17,104,3,0,4,3,1,0,,
503,PB,Punjab,PB_Sangrur,Sangrur,104,12,92,0,0,1,1,0,0,,
504,PB,Punjab,PB_Shahid Bhagat Singh Nagar,Shahid Bhagat Singh Nagar,106,5,100,1,0,0,0,0,0,,
505,PB,Punjab,PB_Sri Muktsar Sahib,Sri Muktsar Sahib,70,4,66,0,0,1,1,0,0,,
506,PB,Punjab,PB_Tarn Taran,Tarn Taran,159,4,154,1,0,2,0,1,1,,
481,PY,Puducherry,PY_Karaikal,Karaikal,2,0,2,0,0,0,0,0,0,,
482,PY,Puducherry,PY_Mahe,Mahe,4,0,4,0,0,0,0,0,0,,
483,PY,Puducherry,PY_Puducherry,Puducherry,84,57,27,0,0,0,0,0,0,,
484,PY,Puducherry,PY_Yanam,Yanam,0,0,0,0,0,0,0,0,0,,
507,RJ,Rajasthan,RJ_Ajmer,Ajmer,362,54,299,9,0,0,-2,0,2,,
508,RJ,Rajasthan,RJ_Alwar,Alwar,82,28,52,2,0,0,0,0,0,,
509,RJ,Rajasthan,RJ_Banswara,Banswara,85,0,83,2,0,0,0,0,0,,
510,RJ,Rajasthan,RJ_Baran,Baran,57,47,8,2,0,4,4,0,0,,
511,RJ,Rajasthan,RJ_Barmer,Barmer,105,25,80,0,0,0,-3,3,0,,
512,RJ,Rajasthan,RJ_Bharatpur,Bharatpur,546,390,150,6,0,42,42,0,0,,
513,RJ,Rajasthan,RJ_Bhilwara,Bhilwara,163,56,105,2,0,3,2,1,0,,
514,RJ,Rajasthan,RJ_Bikaner,Bikaner,109,22,83,4,0,0,-6,6,0,,
0,RJ,Rajasthan,RJ_BSF Camp,BSF Camp,50,0,50,0,0,0,0,0,0,,
515,RJ,Rajasthan,RJ_Bundi,Bundi,4,4,0,0,0,0,0,0,0,,
516,RJ,Rajasthan,RJ_Chittorgarh,Chittorgarh,188,18,166,4,0,0,0,0,0,,
517,RJ,Rajasthan,RJ_Churu,Churu,142,54,87,1,0,0,-25,25,0,,
518,RJ,Rajasthan,RJ_Dausa,Dausa,62,15,46,1,0,0,0,0,0,,
519,RJ,Rajasthan,RJ_Dholpur,Dholpur,65,20,45,0,0,0,-1,1,0,,
520,RJ,Rajasthan,RJ_Dungarpur,Dungarpur,373,69,304,0,0,0,-7,7,0,,
0,RJ,Rajasthan,RJ_Evacuees,Evacuees,61,0,61,0,0,0,0,0,0,,
521,RJ,Rajasthan,RJ_Ganganagar,Ganganagar,7,1,6,0,0,0,-3,3,0,,
522,RJ,Rajasthan,RJ_Hanumangarh,Hanumangarh,30,11,19,0,0,0,-3,3,0,,
0,RJ,Rajasthan,RJ_Italians,Italians,2,0,2,0,0,0,0,0,0,,
523,RJ,Rajasthan,RJ_Jaipur,Jaipur,2152,285,1765,102,0,16,0,15,1,,
524,RJ,Rajasthan,RJ_Jaisalmer,Jaisalmer,74,7,67,0,0,0,-2,2,0,,
525,RJ,Rajasthan,RJ_Jalore,Jalore,168,16,150,2,0,0,0,0,0,,
526,RJ,Rajasthan,RJ_Jhalawar,Jhalawar,326,164,162,0,0,24,-6,30,0,,
527,RJ,Rajasthan,RJ_Jhunjhunu,Jhunjhunu,157,31,125,1,0,8,4,4,0,,
528,RJ,Rajasthan,RJ_Jodhpur,Jodhpur,1706,459,1227,20,0,51,28,23,0,,
529,RJ,Rajasthan,RJ_Karauli,Karauli,20,6,11,3,0,0,-2,2,0,,
530,RJ,Rajasthan,RJ_Kota,Kota,503,102,384,17,0,2,2,0,0,,
531,RJ,Rajasthan,RJ_Nagaur,Nagaur,490,91,391,8,0,9,-9,18,0,,
0,RJ,Rajasthan,RJ_Other State,Other State,27,17,0,10,0,3,2,0,1,,
532,RJ,Rajasthan,RJ_Pali,Pali,573,220,346,7,0,19,6,13,0,,
533,RJ,Rajasthan,RJ_Pratapgarh,Pratapgarh,14,1,12,1,0,0,0,0,0,,
534,RJ,Rajasthan,RJ_Rajsamand,Rajsamand,160,31,128,1,0,12,2,10,0,,
535,RJ,Rajasthan,RJ_Sawai Madhopur,Sawai Madhopur,24,4,17,3,0,1,-1,1,1,,
536,RJ,Rajasthan,RJ_Sikar,Sikar,260,77,178,5,0,17,-8,25,0,,
537,RJ,Rajasthan,RJ_Sirohi,Sirohi,191,108,80,3,0,10,-11,21,0,,
538,RJ,Rajasthan,RJ_Tonk,Tonk,169,5,163,1,0,0,-1,1,0,,
539,RJ,Rajasthan,RJ_Udaipur,Udaipur,577,69,507,1,0,1,-40,41,0,,
540,SK,Sikkim,SK_East Sikkim,East Sikkim,1,1,0,0,0,0,0,0,0,,
541,SK,Sikkim,SK_North Sikkim,North Sikkim,0,0,0,0,0,0,0,0,0,,
542,SK,Sikkim,SK_South Sikkim,South Sikkim,1,1,0,0,0,0,0,0,0,,
543,SK,Sikkim,SK_West Sikkim,West Sikkim,0,0,0,0,0,0,0,0,0,,
0,TG,Telangana,TG_Foreign Evacuees,Foreign Evacuees,33,33,0,0,0,0,0,0,0,,
0,TG,Telangana,TG_Other State,Other State,250,250,0,0,0,0,0,0,0,,
576,TG,Telangana,TG_Adilabad,Adilabad,30,15,15,0,0,2,2,0,0,,
577,TG,Telangana,TG_Bhadradri Kothagudem,Bhadradri Kothagudem,4,0,4,0,0,0,0,0,0,,
578,TG,Telangana,TG_Hyderabad,Hyderabad,1944,1616,305,23,0,116,116,0,0,,
579,TG,Telangana,TG_Jagtial,Jagtial,10,8,2,0,0,0,0,0,0,,
580,TG,Telangana,TG_Jangaon,Jangaon,5,4,1,0,0,0,0,0,0,,
581,TG,Telangana,TG_Jayashankar Bhupalapally,Jayashankar Bhupalapally,3,3,0,0,0,0,0,0,0,,
582,TG,Telangana,TG_Jogulamba Gadwal,Jogulamba Gadwal,45,19,25,1,0,0,0,0,0,,
583,TG,Telangana,TG_Kamareddy,Kamareddy,13,5,8,0,0,0,0,0,0,,
584,TG,Telangana,TG_Karimnagar,Karimnagar,21,5,16,0,0,2,2,0,0,,
585,TG,Telangana,TG_Khammam,Khammam,20,17,3,0,0,2,2,0,0,,
586,TG,Telangana,TG_Komaram Bheem,Komaram Bheem,13,11,2,0,0,0,0,0,0,,
587,TG,Telangana,TG_Mahabubabad,Mahabubabad,2,1,1,0,0,0,0,0,0,,
588,TG,Telangana,TG_Mahabubnagar,Mahabubnagar,23,15,8,0,0,5,5,0,0,,
589,TG,Telangana,TG_Mancherial,Mancherial,3,2,0,1,0,1,1,0,0,,
590,TG,Telangana,TG_Medak,Medak,12,8,4,0,0,0,0,0,0,,
591,TG,Telangana,TG_Medchal Malkajgiri,Medchal Malkajgiri,54,44,9,1,0,2,2,0,0,,
592,TG,Telangana,TG_Mulugu,Mulugu,2,0,2,0,0,0,0,0,0,,
593,TG,Telangana,TG_Nagarkurnool,Nagarkurnool,3,1,2,0,0,0,0,0,0,,
594,TG,Telangana,TG_Nalgonda,Nalgonda,22,10,12,0,0,0,0,0,0,,
595,TG,Telangana,TG_Narayanpet,Narayanpet,2,1,0,1,0,0,0,0,0,,
596,TG,Telangana,TG_Nirmal,Nirmal,21,8,13,0,0,0,0,0,0,,
597,TG,Telangana,TG_Nizamabad,Nizamabad,62,32,30,0,0,0,0,0,0,,
598,TG,Telangana,TG_Peddapalli,Peddapalli,3,2,1,0,0,0,0,0,0,,
599,TG,Telangana,TG_Rajanna Sircilla,Rajanna Sircilla,5,3,2,0,0,0,0,0,0,,
600,TG,Telangana,TG_Ranga Reddy,Ranga Reddy,145,126,17,2,0,8,8,0,0,,
601,TG,Telangana,TG_Sangareddy,Sangareddy,20,14,6,0,0,2,2,0,0,,
602,TG,Telangana,TG_Siddipet,Siddipet,2,1,1,0,0,0,0,0,0,,
603,TG,Telangana,TG_Suryapet,Suryapet,86,62,24,0,0,0,0,0,0,,
604,TG,Telangana,TG_Vikarabad,Vikarabad,39,23,15,1,0,0,0,0,0,,
605,TG,Telangana,TG_Wanaparthy,Wanaparthy,1,1,0,0,0,0,0,0,0,,
606,TG,Telangana,TG_Warangal Rural,Warangal Rural,0,0,0,0,0,0,0,0,0,,
607,TG,Telangana,TG_Warangal Urban,Warangal Urban,33,10,23,0,0,3,3,0,0,,
608,TG,Telangana,TG_Yadadri Bhuvanagiri,Yadadri Bhuvanagiri,2,2,0,0,0,0,0,0,0,,
0,TN,Tamil Nadu,TN_Railway Quarantine,Railway Quarantine,257,204,53,0,0,12,-14,26,0,,
0,TN,Tamil Nadu,TN_Airport Quarantine,Airport Quarantine,155,97,57,1,0,14,5,9,0,,
0,TN,Tamil Nadu,TN_Other State,Other State,0,-3,0,3,0,0,0,0,0,,
544,TN,Tamil Nadu,TN_Ariyalur,Ariyalur,374,15,359,0,0,2,2,0,0,,
732,TN,Tamil Nadu,TN_Chengalpattu,Chengalpattu,1623,920,689,14,0,86,75,11,0,,
545,TN,Tamil Nadu,TN_Chennai,Chennai,19809,9420,10210,179,0,1116,353,751,12,,
546,TN,Tamil Nadu,TN_Coimbatore,Coimbatore,153,8,144,1,0,0,0,0,0,,
547,TN,Tamil Nadu,TN_Cuddalore,Cuddalore,475,39,435,1,0,3,0,3,0,,
548,TN,Tamil Nadu,TN_Dharmapuri,Dharmapuri,11,6,5,0,0,0,0,0,0,,
549,TN,Tamil Nadu,TN_Dindigul,Dindigul,151,25,124,2,0,3,3,0,0,,
550,TN,Tamil Nadu,TN_Erode,Erode,72,1,70,1,0,0,0,0,0,,
734,TN,Tamil Nadu,TN_Kallakurichi,Kallakurichi,264,111,153,0,0,12,12,0,0,,
551,TN,Tamil Nadu,TN_Kancheepuram,Kancheepuram,480,183,294,3,0,15,13,2,0,,
552,TN,Tamil Nadu,TN_Kanyakumari,Kanyakumari,77,28,48,1,0,1,1,0,0,,
553,TN,Tamil Nadu,TN_Karur,Karur,83,5,78,0,0,1,1,0,0,,
554,TN,Tamil Nadu,TN_Krishnagiri,Krishnagiri,29,8,21,0,0,0,0,0,0,,
555,TN,Tamil Nadu,TN_Madurai,Madurai,292,93,196,3,0,9,6,3,0,,
556,TN,Tamil Nadu,TN_Nagapattinam,Nagapattinam,75,24,51,0,0,3,3,0,0,,
557,TN,Tamil Nadu,TN_Namakkal,Namakkal,85,7,77,1,0,0,0,0,0,,
564,TN,Tamil Nadu,TN_Nilgiris,Nilgiris,14,0,14,0,0,0,0,0,0,,
558,TN,Tamil Nadu,TN_Perambalur,Perambalur,143,4,139,0,0,1,1,0,0,,
559,TN,Tamil Nadu,TN_Pudukkottai,Pudukkottai,34,15,18,1,0,5,5,0,0,,
560,TN,Tamil Nadu,TN_Ramanathapuram,Ramanathapuram,97,38,58,1,0,4,4,0,0,,
733,TN,Tamil Nadu,TN_Ranipet,Ranipet,122,30,92,0,0,14,14,0,0,,
561,TN,Tamil Nadu,TN_Salem,Salem,216,148,68,0,0,7,3,4,0,,
562,TN,Tamil Nadu,TN_Sivaganga,Sivaganga,35,5,30,0,0,1,1,0,0,,
731,TN,Tamil Nadu,TN_Tenkasi,Tenkasi,98,21,77,0,0,2,2,0,0,,
563,TN,Tamil Nadu,TN_Thanjavur,Thanjavur,104,19,85,0,0,1,-1,2,0,,
565,TN,Tamil Nadu,TN_Theni,Theni,121,20,99,2,0,2,2,0,0,,
566,TN,Tamil Nadu,TN_Thiruvallur,Thiruvallur,1188,530,647,11,0,64,62,2,0,,
567,TN,Tamil Nadu,TN_Thiruvarur,Thiruvarur,55,17,38,0,0,4,2,2,0,,
568,TN,Tamil Nadu,TN_Thoothukkudi,Thoothukkudi,312,142,168,2,0,11,5,6,0,,
569,TN,Tamil Nadu,TN_Tiruchirappalli,Tiruchirappalli,112,35,76,1,0,12,12,0,0,,
570,TN,Tamil Nadu,TN_Tirunelveli,Tirunelveli,383,59,323,1,0,2,-27,29,0,,
735,TN,Tamil Nadu,TN_Tirupathur,Tirupathur,37,8,29,0,0,1,1,0,0,,
571,TN,Tamil Nadu,TN_Tiruppur,Tiruppur,114,0,114,0,0,0,0,0,0,,
572,TN,Tamil Nadu,TN_Tiruvannamalai,Tiruvannamalai,483,317,164,2,0,13,2,11,0,,
573,TN,Tamil Nadu,TN_Vellore,Vellore,55,15,38,2,0,3,3,0,0,,
574,TN,Tamil Nadu,TN_Viluppuram,Viluppuram,363,38,323,2,0,7,7,0,0,,
575,TN,Tamil Nadu,TN_Virudhunagar,Virudhunagar,143,45,98,0,0,7,7,0,0,,
609,TR,Tripura,TR_Dhalai,Dhalai,195,32,163,0,0,0,0,0,0,,
610,TR,Tripura,TR_Gomati,Gomati,85,83,2,0,0,0,0,0,0,,
611,TR,Tripura,TR_Khowai,Khowai,24,23,1,0,0,0,0,0,0,,
612,TR,Tripura,TR_North Tripura,North Tripura,12,8,4,0,0,0,0,0,0,,
613,TR,Tripura,TR_Sipahijala,Sipahijala,181,179,2,0,0,0,0,0,0,,
614,TR,Tripura,TR_South Tripura,South Tripura,58,58,0,0,0,0,0,0,0,,
615,TR,Tripura,TR_Unokoti,Unokoti,49,48,1,0,0,0,0,0,0,,
616,TR,Tripura,TR_West Tripura,West Tripura,42,42,0,0,0,0,0,0,0,,
617,UP,Uttar Pradesh,UP_Agra,Agra,928,103,777,48,0,14,10,3,1,,
618,UP,Uttar Pradesh,UP_Aligarh,Aligarh,177,73,88,16,0,1,1,0,0,,
619,UP,Uttar Pradesh,UP_Ambedkar Nagar,Ambedkar Nagar,81,49,29,3,0,7,6,1,0,,
620,UP,Uttar Pradesh,UP_Amethi,Amethi,183,151,32,0,0,3,0,3,0,,
621,UP,Uttar Pradesh,UP_Amroha,Amroha,68,32,35,1,0,0,0,0,0,,
622,UP,Uttar Pradesh,UP_Auraiya,Auraiya,39,16,22,1,0,1,0,0,1,,
765,UP,Uttar Pradesh,UP_Ayodhya,Ayodhya,128,77,48,3,0,1,1,0,0,,
623,UP,Uttar Pradesh,UP_Azamgarh,Azamgarh,143,114,26,3,0,17,17,0,0,,
624,UP,Uttar Pradesh,UP_Baghpat,Baghpat,76,48,27,1,0,12,11,1,0,,
625,UP,Uttar Pradesh,UP_Bahraich,Bahraich,95,33,62,0,0,5,5,0,0,,
626,UP,Uttar Pradesh,UP_Ballia,Ballia,53,26,27,0,0,-3,-3,0,0,,
627,UP,Uttar Pradesh,UP_Balrampur,Balrampur,47,14,32,1,0,3,1,2,0,,
628,UP,Uttar Pradesh,UP_Banda,Banda,27,3,24,0,0,0,-1,1,0,,
629,UP,Uttar Pradesh,UP_Barabanki,Barabanki,168,29,138,1,0,4,4,0,0,,
630,UP,Uttar Pradesh,UP_Bareilly,Bareilly,68,44,22,2,0,6,5,1,0,,
631,UP,Uttar Pradesh,UP_Basti,Basti,220,169,47,4,0,0,-4,4,0,,
632,UP,Uttar Pradesh,UP_Bhadohi,Bhadohi,46,39,7,0,0,0,0,0,0,,
633,UP,Uttar Pradesh,UP_Bijnor,Bijnor,137,72,63,2,0,19,19,0,0,,
634,UP,Uttar Pradesh,UP_Budaun,Budaun,43,9,34,0,0,2,2,0,0,,
635,UP,Uttar Pradesh,UP_Bulandshahr,Bulandshahr,167,62,101,4,0,10,6,4,0,,
636,UP,Uttar Pradesh,UP_Chandauli,Chandauli,27,11,15,1,0,-1,-2,0,1,,
637,UP,Uttar Pradesh,UP_Chitrakoot,Chitrakoot,59,31,26,2,0,6,-1,7,0,,
638,UP,Uttar Pradesh,UP_Deoria,Deoria,121,86,34,1,0,9,2,7,0,,
639,UP,Uttar Pradesh,UP_Etah,Etah,50,35,11,4,0,7,7,0,0,,
640,UP,Uttar Pradesh,UP_Etawah,Etawah,67,39,27,1,0,4,3,1,0,,
642,UP,Uttar Pradesh,UP_Farrukhabad,Farrukhabad,48,26,21,1,0,3,3,0,0,,
643,UP,Uttar Pradesh,UP_Fatehpur,Fatehpur,55,20,35,0,0,0,-6,6,0,,
644,UP,Uttar Pradesh,UP_Firozabad,Firozabad,304,85,203,16,0,11,8,3,0,,
645,UP,Uttar Pradesh,UP_Gautam Buddha Nagar,Gautam Buddha Nagar,609,292,309,8,0,51,46,4,1,,
646,UP,Uttar Pradesh,UP_Ghaziabad,Ghaziabad,384,130,245,9,0,19,4,13,2,,
647,UP,Uttar Pradesh,UP_Ghazipur,Ghazipur,154,84,70,0,0,16,15,1,0,,
648,UP,Uttar Pradesh,UP_Gonda,Gonda,77,27,50,0,0,6,2,4,0,,
649,UP,Uttar Pradesh,UP_Gorakhpur,Gorakhpur,122,86,29,7,0,5,4,0,1,,
650,UP,Uttar Pradesh,UP_Hamirpur,Hamirpur,8,3,5,0,0,0,-1,1,0,,
651,UP,Uttar Pradesh,UP_Hapur,Hapur,158,71,85,2,0,2,-1,3,0,,
652,UP,Uttar Pradesh,UP_Hardoi,Hardoi,96,74,22,0,0,8,7,1,0,,
653,UP,Uttar Pradesh,UP_Hathras,Hathras,35,13,22,0,0,0,-2,2,0,,
654,UP,Uttar Pradesh,UP_Jalaun,Jalaun,48,4,41,3,0,1,0,0,1,,
655,UP,Uttar Pradesh,UP_Jaunpur,Jaunpur,249,137,109,3,0,41,40,1,0,,
656,UP,Uttar Pradesh,UP_Jhansi,Jhansi,46,14,26,6,0,0,-1,0,1,,
657,UP,Uttar Pradesh,UP_Kannauj,Kannauj,88,59,29,0,0,11,11,0,0,,
658,UP,Uttar Pradesh,UP_Kanpur Dehat,Kanpur Dehat,21,12,8,1,0,0,0,0,0,,
659,UP,Uttar Pradesh,UP_Kanpur Nagar,Kanpur Nagar,466,142,311,13,0,48,48,0,0,,
660,UP,Uttar Pradesh,UP_Kasganj,Kasganj,23,8,15,0,0,3,1,2,0,,
661,UP,Uttar Pradesh,UP_Kaushambi,Kaushambi,49,2,47,0,0,0,0,0,0,,
663,UP,Uttar Pradesh,UP_Kushinagar,Kushinagar,44,35,7,2,0,10,10,0,0,,
662,UP,Uttar Pradesh,UP_Lakhimpur Kheri,Lakhimpur Kheri,74,21,53,0,0,2,1,1,0,,
664,UP,Uttar Pradesh,UP_Lalitpur,Lalitpur,3,2,0,1,0,0,0,0,0,,
665,UP,Uttar Pradesh,UP_Lucknow,Lucknow,442,116,322,4,0,19,7,12,0,,
667,UP,Uttar Pradesh,UP_Maharajganj,Maharajganj,73,42,30,1,0,6,2,4,0,,
666,UP,Uttar Pradesh,UP_Mahoba,Mahoba,14,5,8,1,0,2,-3,5,0,,
668,UP,Uttar Pradesh,UP_Mainpuri,Mainpuri,65,37,26,2,0,7,7,0,0,,
669,UP,Uttar Pradesh,UP_Mathura,Mathura,97,31,60,6,0,13,5,8,0,,
670,UP,Uttar Pradesh,UP_Mau,Mau,52,39,12,1,0,2,0,2,0,,
671,UP,Uttar Pradesh,UP_Meerut,Meerut,493,122,337,34,0,8,-3,9,2,,
672,UP,Uttar Pradesh,UP_Mirzapur,Mirzapur,36,14,22,0,0,0,0,0,0,,
673,UP,Uttar Pradesh,UP_Moradabad,Moradabad,249,74,165,10,0,5,4,1,0,,
674,UP,Uttar Pradesh,UP_Muzaffarnagar,Muzaffarnagar,100,54,45,1,0,2,2,0,0,,
675,UP,Uttar Pradesh,UP_Pilibhit,Pilibhit,49,7,42,0,0,1,1,0,0,,
676,UP,Uttar Pradesh,UP_Pratapgarh,Pratapgarh,87,18,65,4,0,4,-4,8,0,,
677,UP,Uttar Pradesh,UP_Prayagraj,Prayagraj,117,41,73,3,0,8,4,4,0,,
678,UP,Uttar Pradesh,UP_Rae Bareli,Rae Bareli,74,12,61,1,0,1,1,0,0,,
679,UP,Uttar Pradesh,UP_Rampur,Rampur,197,39,157,1,0,10,-6,16,0,,
680,UP,Uttar Pradesh,UP_Saharanpur,Saharanpur,264,41,223,0,0,0,-6,6,0,,
681,UP,Uttar Pradesh,UP_Sambhal,Sambhal,127,68,58,1,0,10,9,1,0,,
682,UP,Uttar Pradesh,UP_Sant Kabir Nagar,Sant Kabir Nagar,135,75,54,6,0,5,-3,8,0,,
683,UP,Uttar Pradesh,UP_Shahjahanpur,Shahjahanpur,39,21,18,0,0,3,2,1,0,,
684,UP,Uttar Pradesh,UP_Shamli,Shamli,50,11,39,0,0,0,-1,1,0,,
685,UP,Uttar Pradesh,UP_Shrawasti,Shrawasti,42,14,27,1,0,3,3,0,0,,
686,UP,Uttar Pradesh,UP_Siddharthnagar,Siddharthnagar,142,62,78,2,0,3,-18,21,0,,
687,UP,Uttar Pradesh,UP_Sitapur,Sitapur,44,5,39,0,0,1,1,0,0,,
688,UP,Uttar Pradesh,UP_Sonbhadra,Sonbhadra,9,6,3,0,0,0,0,0,0,,
689,UP,Uttar Pradesh,UP_Sultanpur,Sultanpur,97,51,46,0,0,6,-14,20,0,,
690,UP,Uttar Pradesh,UP_Unnao,Unnao,41,17,22,2,0,0,-4,4,0,,
691,UP,Uttar Pradesh,UP_Varanasi,Varanasi,219,94,120,5,0,13,11,1,1,,
692,UT,Uttarakhand,UT_Almora,Almora,69,46,22,1,0,5,0,4,1,,
693,UT,Uttarakhand,UT_Bageshwar,Bageshwar,23,12,11,0,0,0,-1,1,0,,
694,UT,Uttarakhand,UT_Chamoli,Chamoli,27,16,11,0,0,2,-9,11,0,,
695,UT,Uttarakhand,UT_Champawat,Champawat,39,31,7,1,0,3,3,0,0,,
696,UT,Uttarakhand,UT_Dehradun,Dehradun,347,275,62,7,3,23,14,9,0,,
697,UT,Uttarakhand,UT_Haridwar,Haridwar,87,58,29,0,0,1,-15,16,0,,
698,UT,Uttarakhand,UT_Nainital,Nainital,314,183,130,1,0,4,2,2,0,,
699,UT,Uttarakhand,UT_Pauri Garhwal,Pauri Garhwal,43,32,10,1,0,1,0,1,0,,
700,UT,Uttarakhand,UT_Pithoragarh,Pithoragarh,28,27,1,0,0,0,0,0,0,,
701,UT,Uttarakhand,UT_Rudraprayag,Rudraprayag,22,19,3,0,0,14,11,3,0,,
702,UT,Uttarakhand,UT_Tehri Garhwal,Tehri Garhwal,109,104,5,0,0,8,8,0,0,,
703,UT,Uttarakhand,UT_Udham Singh Nagar,Udham Singh Nagar,85,39,46,0,0,1,1,0,0,,
704,UT,Uttarakhand,UT_Uttarkashi,Uttarkashi,22,15,7,0,0,0,0,0,0,,
705,WB,West Bengal,WB_Alipurduar,Alipurduar,12,8,4,0,0,0,-4,4,0,,
706,WB,West Bengal,WB_Bankura,Bankura,104,71,33,0,0,9,9,0,0,,
707,WB,West Bengal,WB_Birbhum,Birbhum,187,64,122,1,0,6,-10,16,0,,
708,WB,West Bengal,WB_Cooch Behar,Cooch Behar,139,113,26,0,0,1,1,0,0,,
709,WB,West Bengal,WB_Dakshin Dinajpur,Dakshin Dinajpur,47,28,19,0,0,3,2,1,0,,
710,WB,West Bengal,WB_Darjeeling,Darjeeling,77,60,15,2,0,17,12,5,0,,
711,WB,West Bengal,WB_Hooghly,Hooghly,473,291,170,12,0,44,38,5,1,,
712,WB,West Bengal,WB_Howrah,Howrah,1326,802,478,46,0,62,47,11,4,,
713,WB,West Bengal,WB_Jalpaiguri,Jalpaiguri,18,13,5,0,0,0,-1,1,0,,
714,WB,West Bengal,WB_Jhargram,Jhargram,6,0,6,0,0,0,0,0,0,,
715,WB,West Bengal,WB_Kalimpong,Kalimpong,11,4,6,1,0,2,2,0,0,,
716,WB,West Bengal,WB_Kolkata,Kolkata,2589,1313,1038,238,0,101,55,42,4,,
717,WB,West Bengal,WB_Malda,Malda,192,100,92,0,0,34,26,8,0,,
719,WB,West Bengal,WB_Murshidabad,Murshidabad,112,33,77,2,0,4,1,3,0,,
720,WB,West Bengal,WB_Nadia,Nadia,118,93,24,1,0,8,6,2,0,,
721,WB,West Bengal,WB_North 24 Parganas,North 24 Parganas,975,583,343,49,0,65,38,25,2,,
0,WB,West Bengal,WB_Other State,Other State,61,41,17,3,0,1,0,1,0,,
722,WB,West Bengal,WB_Paschim Bardhaman,Paschim Bardhaman,67,36,29,2,0,1,0,1,0,,
718,WB,West Bengal,WB_Paschim Medinipur,Paschim Medinipur,83,54,28,1,0,13,13,0,0,,
723,WB,West Bengal,WB_Purba Bardhaman,Purba Bardhaman,121,51,70,0,0,9,1,8,0,,
724,WB,West Bengal,WB_Purba Medinipur,Purba Medinipur,131,74,56,1,0,6,6,0,0,,
725,WB,West Bengal,WB_Purulia,Purulia,19,19,0,0,0,0,0,0,0,,
726,WB,West Bengal,WB_South 24 Parganas,South 24 Parganas,233,125,101,7,0,12,3,9,0,,
727,WB,West Bengal,WB_Uttar Dinajpur,Uttar Dinajpur,202,49,153,0,0,29,27,2,0,,
728,AN,Andaman and Nicobar Islands,AN_Unknown,Unknown,0,0,0,0,,0,0,0,0,,
729,AP,Andhra Pradesh,AP_Unknown,Unknown,0,-9,9,0,,0,0,0,0,,
730,AR,Arunachal Pradesh,AR_Unknown,Unknown,2,2,0,0,,0,0,0,0,,
731,AS,Assam,AS_Unknown,Unknown,0,0,0,0,,0,0,0,0,,
732,BR,Bihar,BR_Unknown,Unknown,0,0,0,0,,0,0,0,0,,
733,CH,Chandigarh,CH_Unknown,Unknown,0,0,0,0,,0,0,0,0,,
734,CT,Chhattisgarh,CT_Unknown,Unknown,0,0,0,0,,0,0,0,0,,
735,DN,Dadra and Nagar Haveli and Daman and Diu,DN_Unknown,Unknown,0,0,0,0,,0,0,0,0,,
737,DL,Delhi,DL_Unknown,Unknown,25546,14524,10315,707,,0,0,0,0,,
738,GA,Goa,GA_Unknown,Unknown,125,67,58,0,,0,0,0,0,,
739,GJ,Gujarat,GJ_Unknown,Unknown,0,0,0,0,,0,0,0,0,,
740,HR,Haryana,HR_Unknown,Unknown,0,0,0,0,,0,0,0,0,,
741,HP,Himachal Pradesh,HP_Unknown,Unknown,0,0,0,0,,0,0,0,0,,
742,JK,Jammu and Kashmir,JK_Unknown,Unknown,0,0,0,0,,0,0,0,0,,
743,JH,Jharkhand,JH_Unknown,Unknown,17,17,0,0,,0,0,0,0,,
744,KA,Karnataka,KA_Unknown,Unknown,0,0,0,0,,0,0,0,0,,
745,KL,Kerala,KL_Unknown,Unknown,0,0,0,0,,0,0,0,0,,
746,LA,Ladakh,LA_Unknown,Unknown,0,0,0,0,,0,0,0,0,,
747,LD,Lakshadweep,LD_Unknown,Unknown,0,0,0,0,,0,0,0,0,,
748,MP,Madhya Pradesh,MP_Unknown,Unknown,0,0,0,0,,0,0,0,0,,
749,MH,Maharashtra,MH_Unknown,Unknown,0,-9,9,0,,0,0,0,0,,
750,MN,Manipur,MN_Unknown,Unknown,31,13,18,0,,0,0,0,0,,
751,ML,Meghalaya,ML_Unknown,Unknown,5,5,0,0,,0,0,0,0,,
752,MZ,Mizoram,MZ_Unknown,Unknown,12,12,0,0,,0,0,0,0,,
753,NL,Nagaland,NL_Unknown,Unknown,14,14,0,0,,0,0,0,0,,
754,OR,Odisha,OR_Unknown,Unknown,0,0,0,0,,0,0,0,0,,
755,PY,Puducherry,PY_Unknown,Unknown,14,4,10,0,,0,0,0,0,,
756,PB,Punjab,PB_Unknown,Unknown,0,0,0,0,,0,0,0,0,,
757,RJ,Rajasthan,RJ_Unknown,Unknown,0,0,0,0,,0,0,0,0,,
758,SK,Sikkim,SK_Unknown,Unknown,0,0,0,0,,0,0,0,0,,
759,TN,Tamil Nadu,TN_Unknown,Unknown,0,0,0,0,,0,0,0,0,,
760,TG,Telangana,TG_Unknown,Unknown,357,-802,1076,83,,0,0,0,0,,
761,TR,Tripura,TR_Unknown,Unknown,0,0,0,0,,0,0,0,0,,
762,UP,Uttar Pradesh,UP_Unknown,Unknown,0,0,0,0,,0,0,0,0,,
763,UT,Uttarakhand,UT_Unknown,Unknown,0,0,0,0,,0,0,0,0,,
764,WB,West Bengal,WB_Unknown,Unknown,0,0,0,0,,0,0,0,0,,