SlNo,State_Code,State,District_Key,District,Confirmed,Active,Recovered,Deceased,Migrated_Other,Delta_Confirmed,Delta_Active,Delta_Recovered,Delta_Deceased,District_Notes,Last_Updated
0,UN,State Unassigned,UN_Unassigned,Unassigned,8443,8443,0,0,0,966,966,0,0,,
1,AN,Andaman and Nicobar Islands,AN_Nicobars,Nicobars,0,0,0,0,0,0,0,0,0,,
2,AN,Andaman and Nicobar Islands,AN_North and Middle Andaman,North and Middle Andaman,1,0,1,0,0,0,0,0,0,,
3,AN,Andaman and Nicobar Islands,AN_South Andaman,South Andaman,32,0,32,0,0,0,0,0,0,,
0,AP,Andhra Pradesh,AP_Foreign Evacuees,Foreign Evacuees,132,114,18,0,0,0,-12,12,0,,
4,AP,Andhra Pradesh,AP_Anantapur,Anantapur,306,128,173,5,0,0,-1,0,1,,
5,AP,Andhra Pradesh,AP_Chittoor,Chittoor,303,86,213,4,0,0,0,0,0,,
6,AP,Andhra Pradesh,AP_East Godavari,East Godavari,281,165,114,2,0,0,0,0,0,,
7,AP,Andhra Pradesh,AP_Guntur,Guntur,566,164,393,9,0,0,0,0,0,,
8,AP,Andhra Pradesh,AP_Krishna,Krishna,570,193,353,24,0,0,-1,0,1,,
9,AP,Andhra Pradesh,AP_Kurnool,Kurnool,776,145,603,28,0,0,0,0,0,,
0,AP,Andhra Pradesh,AP_Other State,Other State,907,553,354,0,0,69,33,36,0,,
10,AP,Andhra Pradesh,AP_Prakasam,Prakasam,86,17,69,0,0,0,0,0,0,,
11,AP,Andhra Pradesh,AP_S.P.S. Nellore,S.P.S. Nellore,352,160,188,4,0,0,0,0,0,,
12,AP,Andhra Pradesh,AP_Srikakulam,Srikakulam,33,22,11,0,0,0,0,0,0,,
13,AP,Andhra Pradesh,AP_Visakhapatnam,Visakhapatnam,143,59,83,1,0,0,0,0,0,,
14,AP,Andhra Pradesh,AP_Vizianagaram,Vizianagaram,45,32,13,0,0,0,0,0,0,,
15,AP,Andhra Pradesh,AP_West Godavari,West Godavari,209,149,60,0,0,0,0,0,0,,
16,AP,Andhra Pradesh,AP_Y.S.R. Kadapa,Y.S.R. Kadapa,173,59,114,0,0,0,0,0,0,,
17,AR,Arunachal Pradesh,AR_Anjaw,Anjaw,0,0,0,0,0,0,0,0,0,,
18,AR,Arunachal Pradesh,AR_Changlang,Changlang,38,38,0,0,0,0,0,0,0,,
19,AR,Arunachal Pradesh,AR_East Kameng,East Kameng,0,0,0,0,0,0,0,0,0,,
20,AR,Arunachal Pradesh,AR_East Siang,East Siang,2,2,0,0,0,0,0,0,0,,
21,AR,Arunachal Pradesh,AR_Kamle,Kamle,0,0,0,0,0,0,0,0,0,,
22,AR,Arunachal Pradesh,AR_Kra Daadi,Kra Daadi,0,0,0,0,0,0,0,0,0,,
23,AR,Arunachal Pradesh,AR_Kurung Kumey,Kurung Kumey,0,0,0,0,0,0,0,0,0,,
24,AR,Arunachal Pradesh,AR_Lepa Rada,Lepa Rada,0,0,0,0,0,0,0,0,0,,
25,AR,Arunachal Pradesh,AR_Lohit,Lohit,2,1,1,0,0,0,0,0,0,,
26,AR,Arunachal Pradesh,AR_Longding,Longding,0,0,0,0,0,0,0,0,0,,
27,AR,Arunachal Pradesh,AR_Lower Dibang Valley,Lower Dibang Valley,1,1,0,0,0,0,0,0,0,,
28,AR,Arunachal Pradesh,AR_Lower Siang,Lower Siang,0,0,0,0,0,0,0,0,0,,
29,AR,Arunachal Pradesh,AR_Lower Subansiri,Lower Subansiri,0,0,0,0,0,0,0,0,0,,
30,AR,Arunachal Pradesh,AR_Namsai,Namsai,2,2,0,0,0,0,0,0,0,,
31,AR,Arunachal Pradesh,AR_Pakke Kessang,Pakke Kessang,1,0,1,0,0,0,-1,1,0,,
32,AR,Arunachal Pradesh,AR_Papum Pare,Papum Pare,7,7,0,0,0,0,0,0,0,,
33,AR,Arunachal Pradesh,AR_Shi Yomi,Shi Yomi,0,0,0,0,0,0,0,0,0,,
34,AR,Arunachal Pradesh,AR_Siang,Siang,0,0,0,0,0,0,0,0,0,,
35,AR,Arunachal Pradesh,AR_Tawang,Tawang,1,1,0,0,0,0,0,0,0,,
36,AR,Arunachal Pradesh,AR_Tirap,Tirap,1,1,0,0,0,0,0,0,0,,
37,AR,Arunachal Pradesh,AR_Upper Dibang Valley,Upper Dibang Valley,0,0,0,0,0,0,0,0,0,,
38,AR,Arunachal Pradesh,AR_Upper Siang,Upper Siang,1,1,0,0,0,0,0,0,0,,
39,AR,Arunachal Pradesh,AR_Upper Subansiri,Upper Subansiri,0,0,0,0,0,0,0,0,0,,
40,AR,Arunachal Pradesh,AR_West Kameng,West Kameng,0,0,0,0,0,0,0,0,0,,
41,AR,Arunachal Pradesh,AR_West Siang,West Siang,1,1,0,0,0,0,0,0,0,,
42,AS,Assam,AS_Baksa,Baksa,17,17,0,0,0,1,1,0,0,,
43,AS,Assam,AS_Barpeta,Barpeta,93,38,55,0,0,3,3,0,0,,
44,AS,Assam,AS_Biswanath,Biswanath,52,45,7,0,0,0,0,0,0,,
45,AS,Assam,AS_Bongaigaon,Bongaigaon,14,7,7,0,0,0,0,0,0,,
46,AS,Assam,AS_Cachar,Cachar,90,8,82,0,0,1,1,0,0,,
47,AS,Assam,AS_Charaideo,Charaideo,15,15,0,0,0,0,0,0,0,,
48,AS,Assam,AS_Chirang,Chirang,37,37,0,0,0,2,2,0,0,,
49,AS,Assam,AS_Darrang,Darrang,89,89,0,0,0,1,1,0,0,,
50,AS,Assam,AS_Dhemaji,Dhemaji,70,64,6,0,0,5,5,0,0,,
51,AS,Assam,AS_Dhubri,Dhubri,306,301,5,0,0,0,0,0,0,,
52,AS,Assam,AS_Dibrugarh,Dibrugarh,52,47,5,0,0,0,0,0,0,,
53,AS,Assam,AS_Dima Hasao,Dima Hasao,88,81,7,0,0,0,0,0,0,,
54,AS,Assam,AS_Goalpara,Goalpara,48,38,4,0,0,0,0,0,0,,
55,AS,Assam,AS_Golaghat,Golaghat,225,138,87,0,0,5,5,0,0,,
56,AS,Assam,AS_Hailakandi,Hailakandi,52,46,5,1,0,3,3,0,0,,
57,AS,Assam,AS_Hojai,Hojai,245,245,0,0,0,8,8,0,0,,
58,AS,Assam,AS_Jorhat,Jorhat,42,-12,54,0,0,15,15,0,0,,
59,AS,Assam,AS_Kamrup,Kamrup,149,128,21,0,0,3,3,0,0,,
60,AS,Assam,AS_Kamrup Metropolitan,Kamrup Metropolitan,419,101,315,3,0,13,13,0,0,,
61,AS,Assam,AS_Karbi Anglong,Karbi Anglong,14,7,7,0,0,2,2,0,0,,
62,AS,Assam,AS_Karimganj,Karimganj,82,66,16,0,0,5,5,0,0,,
63,AS,Assam,AS_Kokrajhar,Kokrajhar,57,47,10,0,0,0,0,0,0,,
64,AS,Assam,AS_Lakhimpur,Lakhimpur,71,65,6,0,0,4,4,0,0,,
65,AS,Assam,AS_Majuli,Majuli,7,7,0,0,0,1,1,0,0,,
66,AS,Assam,AS_Morigaon,Morigaon,49,39,10,0,0,0,0,0,0,,
67,AS,Assam,AS_Nagaon,Nagaon,163,141,22,0,0,11,11,0,0,,
68,AS,Assam,AS_Nalbari,Nalbari,25,16,9,0,0,0,0,0,0,,
0,AS,Assam,AS_Other State,Other State,1,0,1,0,0,0,0,0,0,,
69,AS,Assam,AS_Sivasagar,Sivasagar,27,27,0,0,0,0,0,0,0,,
70,AS,Assam,AS_Sonitpur,Sonitpur,41,6,35,0,0,1,1,0,0,,
71,AS,Assam,AS_South Salmara Mankachar,South Salmara Mankachar,7,6,1,0,0,1,1,0,0,,
72,AS,Assam,AS_Tinsukia,Tinsukia,85,79,6,0,0,17,17,0,0,,
73,AS,Assam,AS_Udalguri,Udalguri,65,63,2,0,0,0,0,0,0,,
74,AS,Assam,AS_West Karbi Anglong,West Karbi Anglong,17,17,0,0,0,0,0,0,0,,
75,BR,Bihar,BR_Araria,Araria,79,39,39,1,0,1,-9,10,0,,
76,BR,Bihar,BR_Arwal,Arwal,59,19,40,0,0,1,-1,2,0,,
77,BR,Bihar,BR_Aurangabad,Aurangabad,88,34,53,1,0,3,2,0,1,,
78,BR,Bihar,BR_Banka,Banka,148,68,80,0,0,11,11,0,0,,
79,BR,Bihar,BR_Begusarai,Begusarai,282,95,184,3,0,20,-47,67,0,,
80,BR,Bihar,BR_Bhagalpur,Bhagalpur,269,127,141,1,0,21,9,12,0,,
81,BR,Bihar,BR_Bhojpur,Bhojpur,110,34,74,2,0,-2,-37,35,0,,
82,BR,Bihar,BR_Buxar,Buxar,144,40,104,0,0,4,4,0,0,,
83,BR,Bihar,BR_Darbhanga,Darbhanga,135,73,61,1,0,5,-2,7,0,,
101,BR,Bihar,BR_East Champaran,East Champaran,131,64,66,1,0,1,1,0,0,,
84,BR,Bihar,BR_Gaya,Gaya,120,83,37,0,0,-3,-4,1,0,,
85,BR,Bihar,BR_Gopalganj,Gopalganj,148,47,101,0,0,12,-14,26,0,,
86,BR,Bihar,BR_Jamui,Jamui,44,20,23,1,0,-2,-2,0,0,,
87,BR,Bihar,BR_Jehanabad,Jehanabad,180,56,123,1,0,2,2,0,0,,
88,BR,Bihar,BR_Kaimur,Kaimur,113,53,60,0,0,11,7,4,0,,
89,BR,Bihar,BR_Katihar,Katihar,191,112,79,0,0,17,17,0,0,,
90,BR,Bihar,BR_Khagaria,Khagaria,279,165,111,3,0,0,-1,1,0,,
91,BR,Bihar,BR_Kishanganj,Kishanganj,104,86,18,0,0,0,1,-1,0,,
92,BR,Bihar,BR_Lakhisarai,Lakhisarai,66,36,30,0,0,-1,-1,0,0,,
93,BR,Bihar,BR_Madhepura,Madhepura,116,77,38,1,0,17,15,2,0,,
94,BR,Bihar,BR_Madhubani,Madhubani,239,153,86,0,0,2,2,0,0,,
95,BR,Bihar,BR_Munger,Munger,216,76,139,1,0,8,2,6,0,,
96,BR,Bihar,BR_Muzaffarpur,Muzaffarpur,126,89,36,1,0,5,4,1,0,,
97,BR,Bihar,BR_Nalanda,Nalanda,135,30,104,1,0,11,-6,17,0,,
98,BR,Bihar,BR_Nawada,Nawada,166,94,71,1,0,22,9,13,0,,
100,BR,Bihar,BR_Patna,Patna,292,94,196,2,0,4,3,1,0,,
102,BR,Bihar,BR_Purnia,Purnia,149,93,56,0,0,0,-6,6,0,,
103,BR,Bihar,BR_Rohtas,Rohtas,255,64,190,1,0,10,6,4,0,,
104,BR,Bihar,BR_Saharsa,Saharsa,93,48,45,0,0,5,5,0,0,,
105,BR,Bihar,BR_Samastipur,Samastipur,133,70,62,1,0,0,1,-1,0,,
106,BR,Bihar,BR_Saran,Saran,111,65,45,1,0,8,8,0,0,,
107,BR,Bihar,BR_Sheikhpura,Sheikhpura,115,71,44,0,0,0,-11,11,0,,
108,BR,Bihar,BR_Sheohar,Sheohar,24,14,9,1,0,0,0,0,0,,
109,BR,Bihar,BR_Sitamarhi,Sitamarhi,78,43,33,2,0,0,0,0,0,,
110,BR,Bihar,BR_Siwan,Siwan,161,99,59,3,0,4,2,1,1,,
111,BR,Bihar,BR_Supaul,Supaul,168,121,47,0,0,8,5,3,0,,
112,BR,Bihar,BR_Vaishali,Vaishali,100,49,49,2,0,3,3,0,0,,
99,BR,Bihar,BR_West Champaran,West Champaran,88,51,37,0,0,0,0,0,0,,
113,CH,Chandigarh,CH_Chandigarh,Chandigarh,326,36,285,5,0,6,6,0,0,,
114,CT,Chhattisgarh,CT_Balod,Balod,41,20,21,0,0,0,-1,1,0,,
115,CT,Chhattisgarh,CT_Baloda Bazar,Baloda Bazar,120,106,14,0,0,3,3,0,0,,
116,CT,Chhattisgarh,CT_Balrampur,Balrampur,22,14,8,0,0,0,0,0,0,,
117,CT,Chhattisgarh,CT_Bametara,Bametara,25,11,14,0,0,1,1,0,0,,
118,CT,Chhattisgarh,CT_Bastar,Bastar,3,2,0,1,0,0,0,0,0,,
119,CT,Chhattisgarh,CT_Bijapur,Bijapur,0,0,0,0,0,0,0,0,0,,
120,CT,Chhattisgarh,CT_Bilaspur,Bilaspur,105,71,33,1,0,0,0,0,0,,
121,CT,Chhattisgarh,CT_Dakshin Bastar Dantewada,Dakshin Bastar Dantewada,0,0,0,0,0,0,0,0,0,,
122,CT,Chhattisgarh,CT_Dhamtari,Dhamtari,6,4,2,0,0,0,0,0,0,,
123,CT,Chhattisgarh,CT_Durg,Durg,41,28,11,2,0,0,-1,0,1,,
124,CT,Chhattisgarh,CT_Gariaband,Gariaband,10,6,4,0,0,0,0,0,0,,
125,CT,Chhattisgarh,CT_Janjgir Champa,Janjgir Champa,69,53,16,0,0,1,1,0,0,,
126,CT,Chhattisgarh,CT_Jashpur,Jashpur,79,71,8,0,0,0,0,0,0,,
127,CT,Chhattisgarh,CT_Kabeerdham,Kabeerdham,81,67,14,0,0,0,-1,1,0,,
128,CT,Chhattisgarh,CT_Kondagaon,Kondagaon,0,0,0,0,0,0,0,0,0,,
129,CT,Chhattisgarh,CT_Korba,Korba,125,87,38,0,0,0,0,0,0,,
130,CT,Chhattisgarh,CT_Koriya,Koriya,45,38,7,0,0,0,0,0,0,,
131,CT,Chhattisgarh,CT_Mahasamund,Mahasamund,57,48,9,0,0,0,-4,4,0,,
132,CT,Chhattisgarh,CT_Mungeli,Mungeli,106,50,56,0,0,0,-3,3,0,,
133,CT,Chhattisgarh,CT_Narayanpur,Narayanpur,0,0,0,0,0,0,0,0,0,,
134,CT,Chhattisgarh,CT_Raigarh,Raigarh,53,39,14,0,0,0,-1,1,0,,
135,CT,Chhattisgarh,CT_Raipur,Raipur,97,85,11,1,0,7,6,1,0,,
136,CT,Chhattisgarh,CT_Rajnandgaon,Rajnandgaon,59,23,36,0,0,2,1,1,0,,
137,CT,Chhattisgarh,CT_Sukma,Sukma,0,0,0,0,0,0,0,0,0,,
138,CT,Chhattisgarh,CT_Surajpur,Surajpur,13,5,8,0,0,0,0,0,0,,
139,CT,Chhattisgarh,CT_Surguja,Surguja,24,17,7,0,0,0,0,0,0,,
140,CT,Chhattisgarh,CT_Uttar Bastar Kanker,Uttar Bastar Kanker,26,13,13,0,0,0,0,0,0,,
766,CT,Chhattisgarh,CT_Gaurela Pendra Marwahi,Gaurela Pendra Marwahi,3,0,3,0,0,0,0,0,0,,
144,DL,Delhi,DL_Central Delhi,Central Delhi,184,184,0,0,0,0,0,0,0,,
145,DL,Delhi,DL_East Delhi,East Delhi,38,38,0,0,0,0,0,0,0,,
146,DL,Delhi,DL_New Delhi,New Delhi,37,37,0,0,0,0,0,0,0,,
147,DL,Delhi,DL_North Delhi,North Delhi,60,60,0,0,0,0,0,0,0,,
148,DL,Delhi,DL_North East Delhi,North East Delhi,25,25,0,0,0,0,0,0,0,,
149,DL,Delhi,DL_North West Delhi,North West Delhi,32,31,0,1,0,0,0,0,0,,
150,DL,Delhi,DL_Shahdara,Shahdara,48,48,0,0,0,0,0,0,0,,
151,DL,Delhi,DL_South Delhi,South Delhi,70,70,0,0,0,0,0,0,0,,
152,DL,Delhi,DL_South East Delhi,South East Delhi,130,130,0,0,0,0,0,0,0,,
153,DL,Delhi,DL_South West Delhi,South West Delhi,42,42,0,0,0,0,0,0,0,,
154,DL,Delhi,DL_West Delhi,West Delhi,122,122,0,0,0,0,0,0,0,,
141,DN,Dadra and Nagar Haveli and Daman and Diu,DN_Dadra and Nagar Haveli,Dadra and Nagar Haveli,22,20,2,0,0,0,0,0,0,,
142,DN,Dadra and Nagar Haveli and Daman and Diu,DN_Daman,Daman,0,0,0,0,0,0,0,0,0,,
143,DN,Dadra and Nagar Haveli and Daman and Diu,DN_Diu,Diu,0,0,0,0,0,0,0,0,0,,
155,GA,Goa,GA_North Goa,North Goa,6,0,6,0,0,0,0,0,0,,
156,GA,Goa,GA_South Goa,South Goa,324,263,61,0,0,0,0,0,0,,
0,GJ,Gujarat,GJ_Other State,Other State,30,22,8,0,0,1,1,0,0,,
157,GJ,Gujarat,GJ_Ahmedabad,Ahmedabad,14962,3518,10378,1066,0,331,56,248,27,,
158,GJ,Gujarat,GJ_Amreli,Amreli,19,9,8,2,0,3,0,2,1,,
159,GJ,Gujarat,GJ_Anand,Anand,115,11,93,11,0,4,3,1,0,,
160,GJ,Gujarat,GJ_Aravalli,Aravalli,126,4,114,8,0,1,-2,2,1,,
161,GJ,Gujarat,GJ_Banaskantha,Banaskantha,145,32,107,6,0,1,-5,6,0,,
162,GJ,Gujarat,GJ_Bharuch,Bharuch,60,21,35,4,0,2,2,0,0,,
163,GJ,Gujarat,GJ_Bhavnagar,Bhavnagar,146,27,109,10,0,3,1,2,0,,
164,GJ,Gujarat,GJ_Botad,Botad,60,3,55,2,0,0,0,0,0,,
165,GJ,Gujarat,GJ_Chhota Udaipur,Chhota Udaipur,37,5,32,0,0,0,-9,9,0,,
167,GJ,Gujarat,GJ_Dahod,Dahod,46,14,32,0,0,0,0,0,0,,
187,GJ,Gujarat,GJ_Dang,Dang,4,2,2,0,0,0,0,0,0,,
166,GJ,Gujarat,GJ_Devbhumi Dwarka,Devbhumi Dwarka,15,4,11,0,0,0,0,0,0,,
168,GJ,Gujarat,GJ_Gandhinagar,Gandhinagar,432,223,191,18,0,8,6,2,0,,
169,GJ,Gujarat,GJ_Gir Somnath,Gir Somnath,48,3,45,0,0,0,0,0,0,,
170,GJ,Gujarat,GJ_Jamnagar,Jamnagar,66,20,43,3,0,0,0,0,0,,
171,GJ,Gujarat,GJ_Junagadh,Junagadh,37,8,28,1,0,1,0,1,0,,
173,GJ,Gujarat,GJ_Kheda,Kheda,104,37,63,4,0,3,0,3,0,,
172,GJ,Gujarat,GJ_Kutch,Kutch,80,8,67,5,0,1,0,1,0,,
175,GJ,Gujarat,GJ_Mahisagar,Mahisagar,116,7,107,2,0,0,0,0,0,,
174,GJ,Gujarat,GJ_Mehsana,Mehsana,161,61,92,8,0,1,-5,5,1,,
176,GJ,Gujarat,GJ_Morbi,Morbi,4,0,4,0,0,0,0,0,0,,
177,GJ,Gujarat,GJ_Narmada,Narmada,23,5,18,0,0,0,0,0,0,,
178,GJ,Gujarat,GJ_Navsari,Navsari,35,14,20,1,0,1,-4,5,0,,
179,GJ,Gujarat,GJ_Panchmahal,Panchmahal,108,15,80,13,0,3,0,2,1,,
180,GJ,Gujarat,GJ_Patan,Patan,106,28,71,7,0,3,2,1,0,,
181,GJ,Gujarat,GJ_Porbandar,Porbandar,12,4,6,2,0,0,0,0,0,,
182,GJ,Gujarat,GJ_Rajkot,Rajkot,133,48,80,5,0,2,-1,3,0,,
183,GJ,Gujarat,GJ_Sabarkantha,Sabarkantha,127,34,89,4,0,5,5,0,0,,
184,GJ,Gujarat,GJ_Surat,Surat,2208,665,1459,84,0,62,12,48,2,,
185,GJ,Gujarat,GJ_Surendranagar,Surendranagar,56,23,31,2,0,0,-3,3,0,,
186,GJ,Gujarat,GJ_Tapi,Tapi,6,1,5,0,0,0,0,0,0,,
188,GJ,Gujarat,GJ_Vadodara,Vadodara,1360,456,861,43,0,32,-32,64,0,,
189,GJ,Gujarat,GJ_Valsad,Valsad,57,26,29,2,0,2,1,1,0,,
212,HP,Himachal Pradesh,HP_Bilaspur,Bilaspur,22,10,12,0,0,0,0,0,0,,
213,HP,Himachal Pradesh,HP_Chamba,Chamba,32,14,18,0,0,0,0,0,0,,
214,HP,Himachal Pradesh,HP_Hamirpur,Hamirpur,124,45,78,1,0,1,-9,10,0,,
215,HP,Himachal Pradesh,HP_Kangra,Kangra,115,51,63,1,0,6,2,4,0,,
216,HP,Himachal Pradesh,HP_Kinnaur,Kinnaur,2,2,0,0,0,0,0,0,0,,
217,HP,Himachal Pradesh,HP_Kullu,Kullu,4,3,1,0,0,0,0,0,0,,
218,HP,Himachal Pradesh,HP_Lahaul and Spiti,Lahaul and Spiti,0,0,0,0,0,0,0,0,0,,
219,HP,Himachal Pradesh,HP_Mandi,Mandi,22,11,9,2,0,1,1,0,0,,
220,HP,Himachal Pradesh,HP_Shimla,Shimla,13,4,8,1,0,0,0,0,0,,
221,HP,Himachal Pradesh,HP_Sirmaur,Sirmaur,20,16,4,0,0,8,8,0,0,,
222,HP,Himachal Pradesh,HP_Solan,Solan,34,16,14,1,3,0,0,0,0,,
223,HP,Himachal Pradesh,HP_Una,Una,49,19,30,0,0,0,0,0,0,,
0,HR,Haryana,HR_Foreign Evacuees,Foreign Evacuees,21,19,2,0,0,0,0,0,0,,
190,HR,Haryana,HR_Ambala,Ambala,98,43,53,2,0,3,3,0,0,,
191,HR,Haryana,HR_Bhiwani,Bhiwani,81,51,30,0,0,7,7,0,0,,
192,HR,Haryana,HR_Charkhi Dadri,Charkhi Dadri,35,34,1,0,0,0,0,0,0,,
193,HR,Haryana,HR_Faridabad,Faridabad,814,603,196,15,0,41,26,13,2,,
194,HR,Haryana,HR_Fatehabad,Fatehabad,45,30,15,0,0,1,1,0,0,,
195,HR,Haryana,HR_Gurugram,Gurugram,2329,1678,640,11,0,164,101,61,2,,
196,HR,Haryana,HR_Hisar,Hisar,97,60,36,1,0,9,7,1,1,,
0,HR,Haryana,HR_Italians,Italians,14,0,14,0,0,0,0,0,0,,
197,HR,Haryana,HR_Jhajjar,Jhajjar,112,15,97,0,0,1,0,1,0,,
198,HR,Haryana,HR_Jind,Jind,54,25,26,3,0,12,12,0,0,,
199,HR,Haryana,HR_Kaithal,Kaithal,45,27,18,0,0,0,-1,1,0,,
200,HR,Haryana,HR_Karnal,Karnal,108,59,47,2,0,3,-3,6,0,,
201,HR,Haryana,HR_Kurukshetra,Kurukshetra,55,24,31,0,0,3,2,1,0,,
202,HR,Haryana,HR_Mahendragarh,Mahendragarh,106,42,64,0,0,4,4,0,0,,
203,HR,Haryana,HR_Nuh,Nuh,102,29,73,0,0,0,0,0,0,,
204,HR,Haryana,HR_Palwal,Palwal,142,88,54,0,0,13,13,0,0,,
205,HR,Haryana,HR_Panchkula,Panchkula,41,15,26,0,0,7,7,0,0,,
206,HR,Haryana,HR_Panipat,Panipat,86,25,57,4,0,1,0,1,0,,
207,HR,Haryana,HR_Rewari,Rewari,63,51,12,0,0,15,16,0,-1,,
208,HR,Haryana,HR_Rohtak,Rohtak,205,120,82,3,0,28,27,0,1,,
209,HR,Haryana,HR_Sirsa,Sirsa,57,19,38,0,0,0,0,0,0,,
210,HR,Haryana,HR_Sonipat,Sonipat,474,284,186,4,0,38,15,22,1,,
211,HR,Haryana,HR_Yamunanagar,Yamunanagar,25,16,9,0,0,5,5,0,0,,
246,JH,Jharkhand,JH_Bokaro,Bokaro,26,5,20,1,0,0,0,0,0,,
247,JH,Jharkhand,JH_Chatra,Chatra,18,17,1,0,0,0,0,0,0,,
248,JH,Jharkhand,JH_Deoghar,Deoghar,10,5,5,0,0,0,0,0,0,,
249,JH,Jharkhand,JH_Dhanbad,Dhanbad,114,62,52,0,0,0,0,0,0,,
250,JH,Jharkhand,JH_Dumka,Dumka,4,0,4,0,0,0,0,0,0,,
264,JH,Jharkhand,JH_East Singhbhum,East Singhbhum,184,151,33,0,0,3,3,0,0,,
251,JH,Jharkhand,JH_Garhwa,Garhwa,86,28,58,0,0,0,0,0,0,,
252,JH,Jharkhand,JH_Giridih,Giridih,33,12,20,1,0,0,0,0,0,,
253,JH,Jharkhand,JH_Godda,Godda,1,0,1,0,0,0,0,0,0,,
254,JH,Jharkhand,JH_Gumla,Gumla,57,51,6,0,0,1,1,0,0,,
255,JH,Jharkhand,JH_Hazaribagh,Hazaribagh,123,58,65,0,0,0,0,0,0,,
256,JH,Jharkhand,JH_Jamtara,Jamtara,28,26,2,0,0,0,0,0,0,,
257,JH,Jharkhand,JH_Khunti,Khunti,13,11,2,0,0,0,0,0,0,,
258,JH,Jharkhand,JH_Koderma,Koderma,62,30,31,1,0,0,0,0,0,,
259,JH,Jharkhand,JH_Latehar,Latehar,40,33,7,0,0,8,8,0,0,,
260,JH,Jharkhand,JH_Lohardaga,Lohardaga,30,24,6,0,0,9,9,0,0,,
261,JH,Jharkhand,JH_Pakur,Pakur,17,14,3,0,0,0,0,0,0,,
262,JH,Jharkhand,JH_Palamu,Palamu,29,3,26,0,0,0,0,0,0,,
265,JH,Jharkhand,JH_Ramgarh,Ramgarh,88,78,10,0,0,3,3,0,0,,
266,JH,Jharkhand,JH_Ranchi,Ranchi,149,22,123,4,0,3,3,0,0,,
267,JH,Jharkhand,JH_Sahibganj,Sahibganj,3,3,0,0,0,0,0,0,0,,
268,JH,Jharkhand,JH_Saraikela-Kharsawan,Saraikela-Kharsawan,22,16,6,0,0,0,0,0,0,,
269,JH,Jharkhand,JH_Simdega,Simdega,170,138,32,0,0,13,13,0,0,,
263,JH,Jharkhand,JH_West Singhbhum,West Singhbhum,23,17,6,0,0,0,0,0,0,,
224,JK,Jammu and Kashmir,JK_Anantnag,Anantnag,463,203,255,5,0,4,-31,35,0,,
226,JK,Jammu and Kashmir,JK_Bandipora,Bandipora,225,88,136,1,0,1,1,0,0,,
227,JK,Jammu and Kashmir,JK_Baramulla,Baramulla,487,357,121,9,0,5,-11,14,2,,
225,JK,Jammu and Kashmir,JK_Budgam,Budgam,209,129,78,2,0,9,8,1,0,,
228,JK,Jammu and Kashmir,JK_Doda,Doda,42,39,2,1,0,0,0,0,0,,
229,JK,Jammu and Kashmir,JK_Ganderbal,Ganderbal,58,32,26,0,0,1,1,0,0,,
230,JK,Jammu and Kashmir,JK_Jammu,Jammu,238,145,90,3,0,4,-16,20,0,,
231,JK,Jammu and Kashmir,JK_Kathua,Kathua,121,76,45,0,0,3,-2,5,0,,
232,JK,Jammu and Kashmir,JK_Kishtwar,Kishtwar,21,17,4,0,0,4,4,0,0,,
233,JK,Jammu and Kashmir,JK_Kulgam,Kulgam,540,379,155,6,0,2,-4,5,1,,
234,JK,Jammu and Kashmir,JK_Kupwara,Kupwara,356,155,198,3,0,7,-90,97,0,,
235,JK,Jammu and Kashmir,JK_Mirpur,Mirpur,0,0,0,0,0,0,0,0,0,,
236,JK,Jammu and Kashmir,JK_Muzaffarabad,Muzaffarabad,0,0,0,0,0,0,0,0,0,,
237,JK,Jammu and Kashmir,JK_Pulwama,Pulwama,189,171,17,1,0,1,0,1,0,,
238,JK,Jammu and Kashmir,JK_Punch,Punch,73,68,5,0,0,0,-1,1,0,,
239,JK,Jammu and Kashmir,JK_Rajouri,Rajouri,57,44,13,0,0,0,0,0,0,,
240,JK,Jammu and Kashmir,JK_Ramban,Ramban,170,148,22,0,0,2,1,1,0,,
241,JK,Jammu and Kashmir,JK_Reasi,Reasi,23,20,3,0,0,3,3,0,0,,
242,JK,Jammu and Kashmir,JK_Samba,Samba,63,40,23,0,0,0,0,0,0,,
243,JK,Jammu and Kashmir,JK_Shopiyan,Shopiyan,402,265,133,4,0,1,1,0,0,,
244,JK,Jammu and Kashmir,JK_Srinagar,Srinagar,478,320,146,12,0,13,13,0,0,,
245,JK,Jammu and Kashmir,JK_Udhampur,Udhampur,131,96,34,1,0,1,-1,2,0,,
270,KA,Karnataka,KA_Bagalkote,Bagalkote,94,11,82,1,0,1,-5,6,0,,
271,KA,Karnataka,KA_Ballari,Ballari,68,24,43,1,0,0,0,0,0,,
272,KA,Karnataka,KA_Belagavi,Belagavi,301,149,151,1,0,0,0,0,0,,
274,KA,Karnataka,KA_Bengaluru Rural,Bengaluru Rural,36,24,11,1,0,0,0,0,0,,
273,KA,Karnataka,KA_Bengaluru Urban,Bengaluru Urban,522,204,298,19,1,29,28,0,1,,
275,KA,Karnataka,KA_Bidar,Bidar,279,141,132,6,0,9,-33,42,0,,
276,KA,Karnataka,KA_Chamarajanagara,Chamarajanagara,1,1,0,0,0,1,1,0,0,,
277,KA,Karnataka,KA_Chikkaballapura,Chikkaballapura,152,40,109,3,0,2,-15,17,0,,
278,KA,Karnataka,KA_Chikkamagaluru,Chikkamagaluru,18,0,18,0,0,0,0,0,0,,
279,KA,Karnataka,KA_Chitradurga,Chitradurga,40,17,23,0,0,0,0,0,0,,
280,KA,Karnataka,KA_Dakshina Kannada,Dakshina Kannada,210,118,85,6,1,23,13,10,0,,
281,KA,Karnataka,KA_Davanagere,Davanagere,211,48,157,6,0,8,1,7,0,,
282,KA,Karnataka,KA_Dharwad,Dharwad,66,27,39,0,0,2,2,0,0,,
283,KA,Karnataka,KA_Gadag,Gadag,49,14,33,2,0,0,0,0,0,,
284,KA,Karnataka,KA_Hassan,Hassan,211,61,150,0,0,0,-28,28,0,,
285,KA,Karnataka,KA_Haveri,Haveri,22,11,11,0,0,0,0,0,0,,
286,KA,Karnataka,KA_Kalaburagi,Kalaburagi,769,548,213,8,0,10,9,0,1,,
287,KA,Karnataka,KA_Kodagu,Kodagu,3,2,1,0,0,0,0,0,0,,
288,KA,Karnataka,KA_Kolar,Kolar,30,12,18,0,0,0,-2,2,0,,
289,KA,Karnataka,KA_Koppal,Koppal,12,8,4,0,0,6,5,1,0,,
290,KA,Karnataka,KA_Mandya,Mandya,334,98,236,0,0,0,-14,14,0,,
291,KA,Karnataka,KA_Mysuru,Mysuru,99,5,94,0,0,2,-1,3,0,,
0,KA,Karnataka,KA_Other State,Other State,34,6,27,1,0,0,0,0,0,,
292,KA,Karnataka,KA_Raichur,Raichur,359,276,82,1,0,0,0,0,0,,
293,KA,Karnataka,KA_Ramanagara,Ramanagara,5,4,1,0,0,0,0,0,0,,
294,KA,Karnataka,KA_Shivamogga,Shivamogga,73,42,31,0,0,4,1,3,0,,
295,KA,Karnataka,KA_Tumakuru,Tumakuru,34,4,28,2,0,1,1,0,0,,
296,KA,Karnataka,KA_Udupi,Udupi,947,712,234,1,0,0,0,0,0,,
297,KA,Karnataka,KA_Uttara Kannada,Uttara Kannada,96,24,72,0,0,0,-8,8,0,,
298,KA,Karnataka,KA_Vijayapura,Vijayapura,204,67,131,6,0,2,-21,23,0,,
299,KA,Karnataka,KA_Yadgir,Yadgir,642,550,91,1,0,61,61,0,0,,
0,KL,Kerala,KL_Other State,Other State,2,2,0,0,0,0,0,0,0,,
300,KL,Kerala,KL_Alappuzha,Alappuzha,106,88,17,1,0,11,9,2,0,,
301,KL,Kerala,KL_Ernakulam,Ernakulam,83,43,39,1,0,4,3,1,0,,
302,KL,Kerala,KL_Idukki,Idukki,49,23,26,0,0,0,-1,1,0,,
303,KL,Kerala,KL_Kannur,Kannur,270,121,147,2,0,5,5,0,0,,
304,KL,Kerala,KL_Kasaragod,Kasaragod,339,115,224,0,0,2,2,0,0,,
305,KL,Kerala,KL_Kollam,Kollam,129,98,30,1,0,5,3,2,0,,
306,KL,Kerala,KL_Kottayam,Kottayam,81,39,41,1,0,8,6,2,0,,
307,KL,Kerala,KL_Kozhikode,Kozhikode,122,65,56,1,0,7,3,4,0,,
308,KL,Kerala,KL_Malappuram,Malappuram,223,161,59,3,0,6,6,0,0,,
309,KL,Kerala,KL_Palakkad,Palakkad,246,178,67,1,0,14,14,0,0,,
310,KL,Kerala,KL_Pathanamthitta,Pathanamthitta,112,83,29,0,0,7,1,6,0,,
311,KL,Kerala,KL_Thiruvananthapuram,Thiruvananthapuram,115,68,44,3,0,10,-2,12,0,,
312,KL,Kerala,KL_Thrissur,Thrissur,170,124,44,2,0,6,2,4,0,,
313,KL,Kerala,KL_Wayanad,Wayanad,50,24,25,1,0,6,6,0,0,,
314,LA,Ladakh,LA_Kargil,Kargil,54,41,13,0,0,0,0,0,0,,
315,LA,Ladakh,LA_Leh,Leh,54,16,37,1,0,5,5,0,0,,
316,LD,Lakshadweep,LD_Lakshadweep,Lakshadweep,0,0,0,0,0,0,0,0,0,,
369,MH,Maharashtra,MH_Ahmednagar,Ahmednagar,210,80,121,9,0,2,-1,3,0,,
370,MH,Maharashtra,MH_Akola,Akola,848,363,447,38,0,14,8,4,2,,
371,MH,Maharashtra,MH_Amravati,Amravati,303,84,200,19,0,4,-24,27,1,,
372,MH,Maharashtra,MH_Aurangabad,Aurangabad,2085,704,1271,110,0,49,-1,40,10,,
374,MH,Maharashtra,MH_Beed,Beed,63,16,46,1,0,7,5,2,0,,
373,MH,Maharashtra,MH_Bhandara,Bhandara,42,18,24,0,0,1,1,0,0,,
375,MH,Maharashtra,MH_Buldhana,Buldhana,97,40,54,3,0,2,2,0,0,,
376,MH,Maharashtra,MH_Chandrapur,Chandrapur,42,16,26,0,0,0,-1,1,0,,
377,MH,Maharashtra,MH_Dhule,Dhule,290,136,129,25,0,29,18,11,0,,
378,MH,Maharashtra,MH_Gadchiroli,Gadchiroli,45,11,34,0,0,1,-2,3,0,,
379,MH,Maharashtra,MH_Gondia,Gondia,68,1,67,0,0,0,-3,3,0,,
380,MH,Maharashtra,MH_Hingoli,Hingoli,214,46,168,0,0,0,-4,4,0,,
381,MH,Maharashtra,MH_Jalgaon,Jalgaon,1149,518,516,115,0,68,42,26,0,,
382,MH,Maharashtra,MH_Jalna,Jalna,209,73,131,5,0,1,0,1,0,,
383,MH,Maharashtra,MH_Kolhapur,Kolhapur,670,232,430,8,0,22,-14,36,0,,
384,MH,Maharashtra,MH_Latur,Latur,139,23,112,4,0,1,-9,10,0,,
385,MH,Maharashtra,MH_Mumbai,Mumbai,51100,26397,22943,1760,0,1015,46,911,58,,
386,MH,Maharashtra,MH_Mumbai Suburban,Mumbai Suburban,0,0,0,0,0,0,0,0,0,,
387,MH,Maharashtra,MH_Nagpur,Nagpur,788,298,478,12,0,27,14,12,1,,
388,MH,Maharashtra,MH_Nanded,Nanded,171,50,113,8,0,1,-2,3,0,,
389,MH,Maharashtra,MH_Nandurbar,Nandurbar,40,8,28,4,0,0,0,0,0,,
390,MH,Maharashtra,MH_Nashik,Nashik,1660,471,1094,95,0,68,-3,67,4,,
391,MH,Maharashtra,MH_Osmanabad,Osmanabad,125,48,74,3,0,0,-5,5,0,,
0,MH,Maharashtra,MH_Other State,Other State,78,58,0,20,0,3,2,0,1,,
392,MH,Maharashtra,MH_Palghar,Palghar,1636,985,608,43,0,69,67,0,2,,
393,MH,Maharashtra,MH_Parbhani,Parbhani,78,25,50,3,0,0,-4,4,0,,
394,MH,Maharashtra,MH_Pune,Pune,10073,3741,5903,429,0,196,20,160,16,,
395,MH,Maharashtra,MH_Raigad,Raigad,1500,516,926,58,0,39,-85,121,3,,
396,MH,Maharashtra,MH_Ratnagiri,Ratnagiri,378,177,187,14,0,7,1,5,1,,
397,MH,Maharashtra,MH_Sangli,Sangli,180,81,95,4,0,10,4,6,0,,
398,MH,Maharashtra,MH_Satara,Satara,658,272,359,27,0,18,-32,50,0,,
399,MH,Maharashtra,MH_Sindhudurg,Sindhudurg,130,99,31,0,0,17,13,4,0,,
400,MH,Maharashtra,MH_Solapur,Solapur,1468,729,627,112,0,49,40,7,2,,
401,MH,Maharashtra,MH_Thane,Thane,14063,8490,5218,355,0,535,379,137,19,,
402,MH,Maharashtra,MH_Wardha,Wardha,11,3,7,1,0,0,0,0,0,,
403,MH,Maharashtra,MH_Washim,Washim,12,4,6,2,0,2,2,0,0,,
404,MH,Maharashtra,MH_Yavatmal,Yavatmal,164,46,116,2,0,1,0,1,0,,
421,ML,Meghalaya,ML_East Garo Hills,East Garo Hills,0,0,0,0,0,0,0,0,0,,
422,ML,Meghalaya,ML_East Jaintia Hills,East Jaintia Hills,0,0,0,0,0,0,0,0,0,,
423,ML,Meghalaya,ML_East Khasi Hills,East Khasi Hills,19,5,13,1,0,0,0,0,0,,
424,ML,Meghalaya,ML_North Garo Hills,North Garo Hills,1,1,0,0,0,0,0,0,0,,
425,ML,Meghalaya,ML_Ribhoi,Ribhoi,1,1,0,0,0,1,1,0,0,,
426,ML,Meghalaya,ML_South Garo Hills,South Garo Hills,0,0,0,0,0,0,0,0,0,,
427,ML,Meghalaya,ML_South West Garo Hills,South West Garo Hills,4,4,0,0,0,0,0,0,0,,
428,ML,Meghalaya,ML_South West Khasi Hills,South West Khasi Hills,0,0,0,0,0,0,0,0,0,,
429,ML,Meghalaya,ML_West Garo Hills,West Garo Hills,5,5,0,0,0,0,0,0,0,,
430,ML,Meghalaya,ML_West Jaintia Hills,West Jaintia Hills,4,4,0,0,0,0,0,0,0,,
431,ML,Meghalaya,ML_West Khasi Hills,West Khasi Hills,1,1,0,0,0,0,0,0,0,,
405,MN,Manipur,MN_Bishnupur,Bishnupur,40,39,1,0,0,0,0,0,0,,
406,MN,Manipur,MN_Chandel,Chandel,2,2,0,0,0,0,0,0,0,,
407,MN,Manipur,MN_Churachandpur,Churachandpur,41,38,3,0,0,0,0,0,0,,
408,MN,Manipur,MN_Imphal East,Imphal East,10,-2,12,0,0,0,0,0,0,,
409,MN,Manipur,MN_Imphal West,Imphal West,42,37,5,0,0,0,0,0,0,,
410,MN,Manipur,MN_Jiribam,Jiribam,0,0,0,0,0,0,0,0,0,,
411,MN,Manipur,MN_Kakching,Kakching,22,22,0,0,0,0,0,0,0,,
412,MN,Manipur,MN_Kamjong,Kamjong,11,9,2,0,0,1,1,0,0,,
413,MN,Manipur,MN_Kangpokpi,Kangpokpi,23,23,0,0,0,0,0,0,0,,
414,MN,Manipur,MN_Noney,Noney,13,12,1,0,0,9,9,0,0,,
415,MN,Manipur,MN_Pherzawl,Pherzawl,3,3,0,0,0,0,0,0,0,,
416,MN,Manipur,MN_Senapati,Senapati,7,7,0,0,0,0,0,0,0,,
417,MN,Manipur,MN_Tamenglong,Tamenglong,5,4,1,0,0,0,0,0,0,,
418,MN,Manipur,MN_Tengnoupal,Tengnoupal,9,9,0,0,0,0,0,0,0,,
419,MN,Manipur,MN_Thoubal,Thoubal,10,6,4,0,0,0,0,0,0,,
420,MN,Manipur,MN_Ukhrul,Ukhrul,13,11,2,0,0,0,0,0,0,,
317,MP,Madhya Pradesh,MP_Agar Malwa,Agar Malwa,15,2,12,1,0,0,0,0,0,,
318,MP,Madhya Pradesh,MP_Alirajpur,Alirajpur,3,0,3,0,0,0,0,0,0,,
319,MP,Madhya Pradesh,MP_Anuppur,Anuppur,24,19,5,0,0,0,0,0,0,,
320,MP,Madhya Pradesh,MP_Ashoknagar,Ashoknagar,16,4,11,1,0,0,0,0,0,,
321,MP,Madhya Pradesh,MP_Balaghat,Balaghat,7,2,5,0,0,0,0,0,0,,
322,MP,Madhya Pradesh,MP_Barwani,Barwani,59,10,48,1,0,0,0,0,0,,
323,MP,Madhya Pradesh,MP_Betul,Betul,35,9,26,0,0,0,0,0,0,,
324,MP,Madhya Pradesh,MP_Bhind,Bhind,104,71,33,0,0,0,0,0,0,,
325,MP,Madhya Pradesh,MP_Bhopal,Bhopal,1822,449,1309,64,0,0,0,0,0,,
326,MP,Madhya Pradesh,MP_Burhanpur,Burhanpur,359,69,272,18,0,0,0,0,0,,
327,MP,Madhya Pradesh,MP_Chhatarpur,Chhatarpur,41,14,27,0,0,0,0,0,0,,
328,MP,Madhya Pradesh,MP_Chhindwara,Chhindwara,18,13,4,1,0,0,0,0,0,,
329,MP,Madhya Pradesh,MP_Damoh,Damoh,26,8,18,0,0,0,0,0,0,,
330,MP,Madhya Pradesh,MP_Datia,Datia,11,4,6,1,0,0,0,0,0,,
331,MP,Madhya Pradesh,MP_Dewas,Dewas,132,49,74,9,0,0,0,0,0,,
332,MP,Madhya Pradesh,MP_Dhar,Dhar,128,5,119,4,0,0,0,0,0,,
333,MP,Madhya Pradesh,MP_Dindori,Dindori,29,24,5,0,0,0,0,0,0,,
335,MP,Madhya Pradesh,MP_Guna,Guna,7,5,2,0,0,0,0,0,0,,
336,MP,Madhya Pradesh,MP_Gwalior,Gwalior,211,94,115,2,0,0,0,0,0,,
337,MP,Madhya Pradesh,MP_Harda,Harda,3,0,3,0,0,0,0,0,0,,
338,MP,Madhya Pradesh,MP_Hoshangabad,Hoshangabad,37,0,34,3,0,0,0,0,0,,
339,MP,Madhya Pradesh,MP_Indore,Indore,3785,1174,2454,157,0,0,0,0,0,,
340,MP,Madhya Pradesh,MP_Jabalpur,Jabalpur,272,51,211,10,0,0,0,0,0,,
341,MP,Madhya Pradesh,MP_Jhabua,Jhabua,13,0,12,1,0,0,0,0,0,,
342,MP,Madhya Pradesh,MP_Katni,Katni,3,3,0,0,0,0,0,0,0,,
334,MP,Madhya Pradesh,MP_Khandwa,Khandwa,271,30,224,17,0,0,0,0,0,,
368,MP,Madhya Pradesh,MP_Khargone,Khargone,198,57,128,13,0,0,0,0,0,,
343,MP,Madhya Pradesh,MP_Mandla,Mandla,5,3,1,1,0,0,0,0,0,,
344,MP,Madhya Pradesh,MP_Mandsaur,Mandsaur,95,3,83,9,0,0,0,0,0,,
345,MP,Madhya Pradesh,MP_Morena,Morena,126,33,92,1,0,0,0,0,0,,
346,MP,Madhya Pradesh,MP_Narsinghpur,Narsinghpur,17,13,4,0,0,0,0,0,0,,
347,MP,Madhya Pradesh,MP_Neemuch,Neemuch,340,138,197,5,0,0,0,0,0,,
348,MP,Madhya Pradesh,MP_Niwari,Niwari,0,0,0,0,0,0,0,0,0,,
0,MP,Madhya Pradesh,MP_Other Region,Other Region,0,0,0,0,0,0,0,0,0,,
349,MP,Madhya Pradesh,MP_Panna,Panna,21,6,15,0,0,0,0,0,0,,
350,MP,Madhya Pradesh,MP_Raisen,Raisen,72,4,65,3,0,0,0,0,0,,
351,MP,Madhya Pradesh,MP_Rajgarh,Rajgarh,28,18,7,3,0,0,0,0,0,,
352,MP,Madhya Pradesh,MP_Ratlam,Ratlam,61,25,32,4,0,0,0,0,0,,
353,MP,Madhya Pradesh,MP_Rewa,Rewa,36,2,34,0,0,0,0,0,0,,
354,MP,Madhya Pradesh,MP_Sagar,Sagar,229,75,142,12,0,0,0,0,0,,
355,MP,Madhya Pradesh,MP_Satna,Satna,22,1,19,2,0,0,0,0,0,,
356,MP,Madhya Pradesh,MP_Sehore,Sehore,11,5,4,2,0,0,0,0,0,,
357,MP,Madhya Pradesh,MP_Seoni,Seoni,2,0,2,0,0,0,0,0,0,,
358,MP,Madhya Pradesh,MP_Shahdol,Shahdol,13,6,7,0,0,0,0,0,0,,
359,MP,Madhya Pradesh,MP_Shajapur,Shajapur,38,29,8,1,0,0,0,0,0,,
360,MP,Madhya Pradesh,MP_Sheopur,Sheopur,48,40,6,2,0,0,0,0,0,,
361,MP,Madhya Pradesh,MP_Shivpuri,Shivpuri,17,9,8,0,0,0,0,0,0,,
362,MP,Madhya Pradesh,MP_Sidhi,Sidhi,17,5,12,0,0,0,0,0,0,,
363,MP,Madhya Pradesh,MP_Singrauli,Singrauli,12,1,11,0,0,0,0,0,0,,
364,MP,Madhya Pradesh,MP_Tikamgarh,Tikamgarh,15,7,7,1,0,0,0,0,0,,
365,MP,Madhya Pradesh,MP_Ujjain,Ujjain,737,75,598,64,0,0,0,0,0,,
366,MP,Madhya Pradesh,MP_Umaria,Umaria,10,7,2,1,0,0,0,0,0,,
367,MP,Madhya Pradesh,MP_Vidisha,Vidisha,37,17,20,0,0,0,0,0,0,,
432,MZ,Mizoram,MZ_Aizawl,Aizawl,12,11,1,0,0,-9,-9,0,0,,
433,MZ,Mizoram,MZ_Champhai,Champhai,5,5,0,0,0,0,0,0,0,,
729,MZ,Mizoram,MZ_Hnahthial,Hnahthial,0,0,0,0,0,0,0,0,0,,
730,MZ,Mizoram,MZ_Khawzawl,Khawzawl,2,2,0,0,0,0,0,0,0,,
434,MZ,Mizoram,MZ_Kolasib,Kolasib,11,11,0,0,0,11,11,0,0,,
435,MZ,Mizoram,MZ_Lawngtlai,Lawngtlai,3,3,0,0,0,1,1,0,0,,
436,MZ,Mizoram,MZ_Lunglei,Lunglei,45,45,0,0,0,43,43,0,0,,
437,MZ,Mizoram,MZ_Mamit,Mamit,8,8,0,0,0,0,0,0,0,,
438,MZ,Mizoram,MZ_Saiha,Saiha,1,1,0,0,0,0,0,0,0,,
728,MZ,Mizoram,MZ_Saitual,Saitual,1,1,0,0,0,0,0,0,0,,
439,MZ,Mizoram,MZ_Serchhip,Serchhip,0,0,0,0,0,0,0,0,0,,
440,NL,Nagaland,NL_Dimapur,Dimapur,16,8,8,0,0,4,4,0,0,,
441,NL,Nagaland,NL_Kiphire,Kiphire,4,4,0,0,0,0,0,0,0,,
442,NL,Nagaland,NL_Kohima,Kohima,7,7,0,0,0,1,1,0,0,,
443,NL,Nagaland,NL_Longleng,Longleng,0,0,0,0,0,0,0,0,0,,
444,NL,Nagaland,NL_Mokokchung,Mokokchung,0,0,0,0,0,0,0,0,0,,
445,NL,Nagaland,NL_Mon,Mon,23,23,0,0,0,0,0,0,0,,
446,NL,Nagaland,NL_Peren,Peren,62,62,0,0,0,0,0,0,0,,
447,NL,Nagaland,NL_Phek,Phek,1,1,0,0,0,0,0,0,0,,
448,NL,Nagaland,NL_Tuensang,Tuensang,8,8,0,0,0,0,0,0,0,,
449,NL,Nagaland,NL_Wokha,Wokha,5,5,0,0,0,0,0,0,0,,
450,NL,Nagaland,NL_Zunheboto,Zunheboto,1,1,0,0,0,0,0,0,0,,
0,OR,Odisha,OR_NDRF-ODRF,NDRF-ODRF,61,61,0,0,0,61,61,0,0,Returned from West Bengal Amphan duty,
451,OR,Odisha,OR_Angul,Angul,33,8,25,0,0,0,0,0,0,,
452,OR,Odisha,OR_Balangir,Balangir,123,54,69,0,0,1,-6,7,0,,
453,OR,Odisha,OR_Balasore,Balasore,197,44,152,1,0,7,5,2,0,,
454,OR,Odisha,OR_Bargarh,Bargarh,16,5,11,0,0,0,-3,3,0,,
456,OR,Odisha,OR_Bhadrak,Bhadrak,151,21,130,0,0,0,-7,7,0,,
455,OR,Odisha,OR_Boudh,Boudh,34,1,33,0,0,0,0,0,0,,
457,OR,Odisha,OR_Cuttack,Cuttack,189,71,117,1,0,2,-22,24,0,,
458,OR,Odisha,OR_Deogarh,Deogarh,38,6,32,0,0,5,5,0,0,,
459,OR,Odisha,OR_Dhenkanal,Dhenkanal,39,18,21,0,0,1,-5,6,0,,
460,OR,Odisha,OR_Gajapati,Gajapati,61,28,33,0,0,0,0,0,0,,
461,OR,Odisha,OR_Ganjam,Ganjam,649,204,441,4,0,18,-4,22,0,,
462,OR,Odisha,OR_Jagatsinghpur,Jagatsinghpur,97,29,68,0,0,8,-3,11,0,,
463,OR,Odisha,OR_Jajpur,Jajpur,326,46,280,0,0,1,-10,11,0,,
464,OR,Odisha,OR_Jharsuguda,Jharsuguda,8,1,7,0,0,0,0,0,0,,
465,OR,Odisha,OR_Kalahandi,Kalahandi,32,17,15,0,0,3,3,0,0,,
466,OR,Odisha,OR_Kandhamal,Kandhamal,37,15,22,0,0,2,2,0,0,,
467,OR,Odisha,OR_Kendrapara,Kendrapara,169,13,156,0,0,2,-1,3,0,,
468,OR,Odisha,OR_Kendujhar,Kendujhar,45,23,22,0,0,2,2,0,0,,
469,OR,Odisha,OR_Khordha,Khordha,276,114,157,5,0,19,8,11,0,,
470,OR,Odisha,OR_Koraput,Koraput,16,9,7,0,0,0,1,-1,0,,
471,OR,Odisha,OR_Malkangiri,Malkangiri,22,1,21,0,0,1,1,0,0,,
472,OR,Odisha,OR_Mayurbhanj,Mayurbhanj,79,63,16,0,0,3,3,0,0,,
473,OR,Odisha,OR_Nabarangapur,Nabarangapur,2,0,2,0,0,0,0,0,0,,
474,OR,Odisha,OR_Nayagarh,Nayagarh,93,25,68,0,0,3,3,0,0,,
475,OR,Odisha,OR_Nuapada,Nuapada,72,15,57,0,0,0,-21,21,0,,
476,OR,Odisha,OR_Puri,Puri,108,21,87,0,0,0,-2,2,0,,
477,OR,Odisha,OR_Rayagada,Rayagada,3,3,0,0,0,0,0,0,0,,
478,OR,Odisha,OR_Sambalpur,Sambalpur,17,5,12,0,0,0,-3,3,0,,
479,OR,Odisha,OR_Subarnapur,Subarnapur,29,22,7,0,0,0,0,0,0,,
480,OR,Odisha,OR_Sundargarh,Sundargarh,118,53,65,0,0,7,-1,8,0,,
485,PB,Punjab,PB_Amritsar,Amritsar,502,135,356,11,0,21,7,12,2,,
486,PB,Punjab,PB_Barnala,Barnala,27,4,22,1,0,1,0,1,0,,
487,PB,Punjab,PB_Bathinda,Bathinda,55,10,45,0,0,0,0,0,0,,
488,PB,Punjab,PB_Faridkot,Faridkot,73,12,61,0,0,-1,-1,0,0,,
489,PB,Punjab,PB_Fatehgarh Sahib,Fatehgarh Sahib,70,7,63,0,0,0,-5,5,0,,
490,PB,Punjab,PB_Fazilka,Fazilka,48,5,43,0,0,0,0,0,0,,
491,PB,Punjab,PB_Ferozepur,Ferozepur,46,0,45,1,0,0,0,0,0,,
492,PB,Punjab,PB_Gurdaspur,Gurdaspur,152,17,132,3,0,0,0,0,0,,
493,PB,Punjab,PB_Hoshiarpur,Hoshiarpur,135,5,125,5,0,0,-9,9,0,,
494,PB,Punjab,PB_Jalandhar,Jalandhar,311,73,230,8,0,4,4,0,0,,
495,PB,Punjab,PB_Kapurthala,Kapurthala,40,4,33,3,0,0,0,0,0,,
496,PB,Punjab,PB_Ludhiana,Ludhiana,266,96,160,10,0,15,15,0,0,,
497,PB,Punjab,PB_Mansa,Mansa,34,2,32,0,0,0,0,0,0,,
498,PB,Punjab,PB_Moga,Moga,67,3,64,0,0,0,0,0,0,,
499,PB,Punjab,PB_Pathankot,Pathankot,94,36,54,4,0,3,3,0,0,,
500,PB,Punjab,PB_Patiala,Patiala,139,24,112,3,0,1,-1,2,0,,
501,PB,Punjab,PB_Rupnagar,Rupnagar,71,2,68,1,0,0,-9,9,0,,
502,PB,Punjab,PB_S.A.S. Nagar,S.A.S. Nagar,133,25,105,3,0,5,5,0,0,,
503,PB,Punjab,PB_Sangrur,Sangrur,116,20,96,0,0,5,5,0,0,,
504,PB,Punjab,PB_Shahid Bhagat Singh Nagar,Shahid Bhagat Singh Nagar,109,7,101,1,0,0,-1,1,0,,
505,PB,Punjab,PB_Sri Muktsar Sahib,Sri Muktsar Sahib,71,5,66,0,0,1,1,0,0,,
506,PB,Punjab,PB_Tarn Taran,Tarn Taran,160,5,154,1,0,1,1,0,0,,
481,PY,Puducherry,PY_Karaikal,Karaikal,2,0,2,0,0,0,0,0,0,,
482,PY,Puducherry,PY_Mahe,Mahe,6,2,4,0,0,1,1,0,0,,
483,PY,Puducherry,PY_Puducherry,Puducherry,124,75,49,0,0,3,1,2,0,,
484,PY,Puducherry,PY_Yanam,Yanam,0,0,0,0,0,0,0,0,0,,
507,RJ,Rajasthan,RJ_Ajmer,Ajmer,377,53,313,11,0,9,7,0,2,,
508,RJ,Rajasthan,RJ_Alwar,Alwar,169,115,52,2,0,19,19,0,0,,
509,RJ,Rajasthan,RJ_Banswara,Banswara,90,5,83,2,0,1,1,0,0,,
510,RJ,Rajasthan,RJ_Baran,Baran,61,26,32,3,0,1,1,0,0,,
511,RJ,Rajasthan,RJ_Barmer,Barmer,111,27,84,0,0,5,5,0,0,,
512,RJ,Rajasthan,RJ_Bharatpur,Bharatpur,783,531,243,9,0,51,50,0,1,,
513,RJ,Rajasthan,RJ_Bhilwara,Bhilwara,178,50,125,3,0,2,2,0,0,,
514,RJ,Rajasthan,RJ_Bikaner,Bikaner,115,27,84,4,0,3,3,0,0,,
0,RJ,Rajasthan,RJ_BSF Camp,BSF Camp,50,0,50,0,0,0,0,0,0,,
515,RJ,Rajasthan,RJ_Bundi,Bundi,8,8,0,0,0,1,1,0,0,,
516,RJ,Rajasthan,RJ_Chittorgarh,Chittorgarh,198,24,170,4,0,0,0,0,0,,
517,RJ,Rajasthan,RJ_Churu,Churu,161,61,99,1,0,7,-5,12,0,,
518,RJ,Rajasthan,RJ_Dausa,Dausa,73,23,49,1,0,4,4,0,0,,
519,RJ,Rajasthan,RJ_Dholpur,Dholpur,72,11,60,1,0,3,3,0,0,,
520,RJ,Rajasthan,RJ_Dungarpur,Dungarpur,381,58,323,0,0,1,1,0,0,,
0,RJ,Rajasthan,RJ_Evacuees,Evacuees,61,0,61,0,0,0,0,0,0,,
521,RJ,Rajasthan,RJ_Ganganagar,Ganganagar,10,4,6,0,0,1,1,0,0,,
522,RJ,Rajasthan,RJ_Hanumangarh,Hanumangarh,30,2,28,0,0,0,0,0,0,,
0,RJ,Rajasthan,RJ_Italians,Italians,2,0,2,0,0,0,0,0,0,,
523,RJ,Rajasthan,RJ_Jaipur,Jaipur,2360,383,1859,118,0,100,97,0,3,,
524,RJ,Rajasthan,RJ_Jaisalmer,Jaisalmer,76,4,72,0,0,2,2,0,0,,
525,RJ,Rajasthan,RJ_Jalore,Jalore,172,20,150,2,0,2,2,0,0,,
526,RJ,Rajasthan,RJ_Jhalawar,Jhalawar,331,87,244,0,0,2,2,0,0,,
527,RJ,Rajasthan,RJ_Jhunjhunu,Jhunjhunu,175,27,147,1,0,12,12,0,0,,
528,RJ,Rajasthan,RJ_Jodhpur,Jodhpur,1944,529,1390,25,0,65,10,53,2,,
529,RJ,Rajasthan,RJ_Karauli,Karauli,33,17,13,3,0,4,4,0,0,,
530,RJ,Rajasthan,RJ_Kota,Kota,531,69,444,18,0,7,7,0,0,,
531,RJ,Rajasthan,RJ_Nagaur,Nagaur,512,87,416,9,0,9,9,0,0,,
0,RJ,Rajasthan,RJ_Other State,Other State,47,33,0,14,0,9,8,0,1,,
532,RJ,Rajasthan,RJ_Pali,Pali,641,203,431,7,0,39,39,0,0,,
533,RJ,Rajasthan,RJ_Pratapgarh,Pratapgarh,14,0,13,1,0,0,0,0,0,,
534,RJ,Rajasthan,RJ_Rajsamand,Rajsamand,162,24,137,1,0,0,0,0,0,,
535,RJ,Rajasthan,RJ_Sawai Madhopur,Sawai Madhopur,45,23,17,5,0,1,1,0,0,,
536,RJ,Rajasthan,RJ_Sikar,Sikar,299,101,193,5,0,8,8,0,0,,
537,RJ,Rajasthan,RJ_Sirohi,Sirohi,211,99,109,3,0,1,1,0,0,,
538,RJ,Rajasthan,RJ_Tonk,Tonk,175,11,163,1,0,0,0,0,0,,
539,RJ,Rajasthan,RJ_Udaipur,Udaipur,587,66,520,1,0,0,0,0,0,,
540,SK,Sikkim,SK_East Sikkim,East Sikkim,3,3,0,0,0,0,0,0,0,,
541,SK,Sikkim,SK_North Sikkim,North Sikkim,0,0,0,0,0,0,0,0,0,,
542,SK,Sikkim,SK_South Sikkim,South Sikkim,3,3,0,0,0,2,2,0,0,,
543,SK,Sikkim,SK_West Sikkim,West Sikkim,4,4,0,0,0,1,1,0,0,,
0,TG,Telangana,TG_Foreign Evacuees,Foreign Evacuees,33,33,0,0,0,0,0,0,0,,
0,TG,Telangana,TG_Other State,Other State,250,250,0,0,0,0,0,0,0,,
576,TG,Telangana,TG_Adilabad,Adilabad,30,15,15,0,0,0,0,0,0,,
577,TG,Telangana,TG_Bhadradri Kothagudem,Bhadradri Kothagudem,5,1,4,0,0,0,0,0,0,,
578,TG,Telangana,TG_Hyderabad,Hyderabad,2228,1900,305,23,0,0,0,0,0,,
579,TG,Telangana,TG_Jagtial,Jagtial,12,10,2,0,0,0,0,0,0,,
580,TG,Telangana,TG_Jangaon,Jangaon,6,5,1,0,0,0,0,0,0,,
581,TG,Telangana,TG_Jayashankar Bhupalapally,Jayashankar Bhupalapally,3,3,0,0,0,0,0,0,0,,
582,TG,Telangana,TG_Jogulamba Gadwal,Jogulamba Gadwal,46,20,25,1,0,0,0,0,0,,
583,TG,Telangana,TG_Kamareddy,Kamareddy,13,5,8,0,0,0,0,0,0,,
584,TG,Telangana,TG_Karimnagar,Karimnagar,23,7,16,0,0,0,0,0,0,,
585,TG,Telangana,TG_Khammam,Khammam,20,17,3,0,0,0,0,0,0,,
586,TG,Telangana,TG_Komaram Bheem,Komaram Bheem,13,11,2,0,0,0,0,0,0,,
587,TG,Telangana,TG_Mahabubabad,Mahabubabad,4,3,1,0,0,0,0,0,0,,
588,TG,Telangana,TG_Mahabubnagar,Mahabubnagar,27,19,8,0,0,0,0,0,0,,
589,TG,Telangana,TG_Mancherial,Mancherial,4,3,0,1,0,0,0,0,0,,
590,TG,Telangana,TG_Medak,Medak,12,8,4,0,0,0,0,0,0,,
591,TG,Telangana,TG_Medchal Malkajgiri,Medchal Malkajgiri,75,65,9,1,0,0,0,0,0,,
592,TG,Telangana,TG_Mulugu,Mulugu,2,0,2,0,0,0,0,0,0,,
593,TG,Telangana,TG_Nagarkurnool,Nagarkurnool,6,4,2,0,0,0,0,0,0,,
594,TG,Telangana,TG_Nalgonda,Nalgonda,23,11,12,0,0,0,0,0,0,,
595,TG,Telangana,TG_Narayanpet,Narayanpet,2,1,0,1,0,0,0,0,0,,
596,TG,Telangana,TG_Nirmal,Nirmal,26,13,13,0,0,0,0,0,0,,
597,TG,Telangana,TG_Nizamabad,Nizamabad,62,32,30,0,0,0,0,0,0,,
598,TG,Telangana,TG_Peddapalli,Peddapalli,3,2,1,0,0,0,0,0,0,,
599,TG,Telangana,TG_Rajanna Sircilla,Rajanna Sircilla,5,3,2,0,0,0,0,0,0,,
600,TG,Telangana,TG_Ranga Reddy,Ranga Reddy,167,148,17,2,0,0,0,0,0,,
601,TG,Telangana,TG_Sangareddy,Sangareddy,21,15,6,0,0,0,0,0,0,,
602,TG,Telangana,TG_Siddipet,Siddipet,3,2,1,0,0,0,0,0,0,,
603,TG,Telangana,TG_Suryapet,Suryapet,86,62,24,0,0,0,0,0,0,,
604,TG,Telangana,TG_Vikarabad,Vikarabad,40,24,15,1,0,0,0,0,0,,
605,TG,Telangana,TG_Wanaparthy,Wanaparthy,1,1,0,0,0,0,0,0,0,,
606,TG,Telangana,TG_Warangal Rural,Warangal Rural,0,0,0,0,0,0,0,0,0,,
607,TG,Telangana,TG_Warangal Urban,Warangal Urban,33,10,23,0,0,0,0,0,0,,
608,TG,Telangana,TG_Yadadri Bhuvanagiri,Yadadri Bhuvanagiri,9,9,0,0,0,0,0,0,0,,
0,TN,Tamil Nadu,TN_Railway Quarantine,Railway Quarantine,294,193,101,0,0,28,-12,40,0,,
0,TN,Tamil Nadu,TN_Airport Quarantine,Airport Quarantine,205,127,77,1,0,12,7,5,0,,
0,TN,Tamil Nadu,TN_Other State,Other State,0,-3,0,3,0,0,0,0,0,,
544,TN,Tamil Nadu,TN_Ariyalur,Ariyalur,384,23,361,0,0,3,3,0,0,,
732,TN,Tamil Nadu,TN_Chengalpattu,Chengalpattu,2146,1248,883,15,0,158,63,95,0,,
545,TN,Tamil Nadu,TN_Chennai,Chennai,24545,12574,11730,241,0,1247,757,474,16,,
546,TN,Tamil Nadu,TN_Coimbatore,Coimbatore,166,18,147,1,0,5,5,0,0,,
547,TN,Tamil Nadu,TN_Cuddalore,Cuddalore,491,36,454,1,0,0,-3,3,0,,
548,TN,Tamil Nadu,TN_Dharmapuri,Dharmapuri,19,11,8,0,0,1,1,0,0,,
549,TN,Tamil Nadu,TN_Dindigul,Dindigul,182,53,127,2,0,6,3,3,0,,
550,TN,Tamil Nadu,TN_Erode,Erode,73,2,70,1,0,-2,-2,0,0,,
734,TN,Tamil Nadu,TN_Kallakurichi,Kallakurichi,295,60,235,0,0,3,2,1,0,,
551,TN,Tamil Nadu,TN_Kancheepuram,Kancheepuram,567,220,342,5,0,33,11,21,1,,
552,TN,Tamil Nadu,TN_Kanyakumari,Kanyakumari,95,33,61,1,0,1,-1,2,0,,
553,TN,Tamil Nadu,TN_Karur,Karur,87,7,80,0,0,0,-2,2,0,,
554,TN,Tamil Nadu,TN_Krishnagiri,Krishnagiri,37,16,21,0,0,0,0,0,0,,
555,TN,Tamil Nadu,TN_Madurai,Madurai,333,89,241,3,0,16,15,1,0,,
556,TN,Tamil Nadu,TN_Nagapattinam,Nagapattinam,88,37,51,0,0,7,7,0,0,,
557,TN,Tamil Nadu,TN_Namakkal,Namakkal,85,7,77,1,0,0,0,0,0,,
564,TN,Tamil Nadu,TN_Nilgiris,Nilgiris,14,0,14,0,0,0,0,0,0,,
558,TN,Tamil Nadu,TN_Perambalur,Perambalur,144,3,141,0,0,1,1,0,0,,
559,TN,Tamil Nadu,TN_Pudukkottai,Pudukkottai,40,15,24,1,0,4,3,1,0,,
560,TN,Tamil Nadu,TN_Ramanathapuram,Ramanathapuram,118,44,73,1,0,6,5,1,0,,
733,TN,Tamil Nadu,TN_Ranipet,Ranipet,139,44,94,1,0,1,1,0,0,,
561,TN,Tamil Nadu,TN_Salem,Salem,211,38,173,0,0,-10,-33,23,0,,
562,TN,Tamil Nadu,TN_Sivaganga,Sivaganga,42,10,32,0,0,0,0,0,0,,
731,TN,Tamil Nadu,TN_Tenkasi,Tenkasi,106,18,88,0,0,0,0,0,0,,
563,TN,Tamil Nadu,TN_Thanjavur,Thanjavur,125,36,89,0,0,8,8,0,0,,
565,TN,Tamil Nadu,TN_Theni,Theni,125,18,105,2,0,-1,-1,0,0,,
566,TN,Tamil Nadu,TN_Thiruvallur,Thiruvallur,1476,690,771,15,0,90,50,39,1,,
567,TN,Tamil Nadu,TN_Thiruvarur,Thiruvarur,69,24,45,0,0,7,7,0,0,,
568,TN,Tamil Nadu,TN_Thoothukkudi,Thoothukkudi,365,147,216,2,0,10,-7,17,0,,
569,TN,Tamil Nadu,TN_Tiruchirappalli,Tiruchirappalli,120,18,101,1,0,4,4,0,0,,
570,TN,Tamil Nadu,TN_Tirunelveli,Tirunelveli,400,53,346,1,0,10,8,2,0,,
735,TN,Tamil Nadu,TN_Tirupathur,Tirupathur,42,11,31,0,0,0,0,0,0,,
571,TN,Tamil Nadu,TN_Tiruppur,Tiruppur,114,0,114,0,0,0,0,0,0,,
572,TN,Tamil Nadu,TN_Tiruvannamalai,Tiruvannamalai,522,210,310,2,0,19,-39,58,0,,
573,TN,Tamil Nadu,TN_Vellore,Vellore,111,67,41,3,0,16,13,3,0,,
574,TN,Tamil Nadu,TN_Viluppuram,Viluppuram,385,55,327,3,0,1,1,0,0,,
575,TN,Tamil Nadu,TN_Virudhunagar,Virudhunagar,154,30,124,0,0,1,-6,7,0,,
609,TR,Tripura,TR_Dhalai,Dhalai,199,35,164,0,0,0,0,0,0,,
610,TR,Tripura,TR_Gomati,Gomati,92,87,5,0,0,0,0,0,0,,
611,TR,Tripura,TR_Khowai,Khowai,28,24,4,0,0,2,2,0,0,,
612,TR,Tripura,TR_North Tripura,North Tripura,14,10,4,0,0,0,0,0,0,,
613,TR,Tripura,TR_Sipahijala,Sipahijala,354,349,5,0,0,24,24,0,0,,
614,TR,Tripura,TR_South Tripura,South Tripura,68,66,2,0,0,0,0,0,0,,
615,TR,Tripura,TR_Unokoti,Unokoti,50,49,1,0,0,0,0,0,0,,
616,TR,Tripura,TR_West Tripura,West Tripura,61,54,7,0,0,0,0,0,0,,
617,UP,Uttar Pradesh,UP_Agra,Agra,986,128,804,54,0,14,8,4,2,,
618,UP,Uttar Pradesh,UP_Aligarh,Aligarh,220,99,104,17,0,7,2,4,1,,
619,UP,Uttar Pradesh,UP_Ambedkar Nagar,Ambedkar Nagar,94,44,47,3,0,1,0,1,0,,
620,UP,Uttar Pradesh,UP_Amethi,Amethi,214,136,78,0,0,12,12,0,0,,
621,UP,Uttar Pradesh,UP_Amroha,Amroha,74,17,56,1,0,5,4,1,0,,
622,UP,Uttar Pradesh,UP_Auraiya,Auraiya,51,23,26,2,0,2,2,0,0,,
765,UP,Uttar Pradesh,UP_Ayodhya,Ayodhya,145,50,91,4,0,5,4,1,0,,
623,UP,Uttar Pradesh,UP_Azamgarh,Azamgarh,159,120,36,3,0,3,1,2,0,,
624,UP,Uttar Pradesh,UP_Baghpat,Baghpat,104,75,28,1,0,4,4,0,0,,
625,UP,Uttar Pradesh,UP_Bahraich,Bahraich,106,34,72,0,0,1,0,1,0,,
626,UP,Uttar Pradesh,UP_Ballia,Ballia,60,23,37,0,0,2,-8,10,0,,
627,UP,Uttar Pradesh,UP_Balrampur,Balrampur,47,10,36,1,0,0,0,0,0,,
628,UP,Uttar Pradesh,UP_Banda,Banda,27,2,24,1,0,0,0,0,0,,
629,UP,Uttar Pradesh,UP_Barabanki,Barabanki,186,45,140,1,0,7,7,0,0,,
630,UP,Uttar Pradesh,UP_Bareilly,Bareilly,75,35,38,2,0,2,0,2,0,,
631,UP,Uttar Pradesh,UP_Basti,Basti,239,107,127,5,0,2,-16,17,1,,
632,UP,Uttar Pradesh,UP_Bhadohi,Bhadohi,76,57,19,0,0,2,-2,4,0,,
633,UP,Uttar Pradesh,UP_Bijnor,Bijnor,168,86,79,3,0,4,-6,9,1,,
634,UP,Uttar Pradesh,UP_Budaun,Budaun,48,9,38,1,0,3,2,1,0,,
635,UP,Uttar Pradesh,UP_Bulandshahr,Bulandshahr,238,126,105,7,0,3,1,0,2,,
636,UP,Uttar Pradesh,UP_Chandauli,Chandauli,38,20,17,1,0,8,7,1,0,,
637,UP,Uttar Pradesh,UP_Chitrakoot,Chitrakoot,65,30,33,2,0,1,-5,6,0,,
638,UP,Uttar Pradesh,UP_Deoria,Deoria,137,79,55,3,0,4,-7,9,2,,
639,UP,Uttar Pradesh,UP_Etah,Etah,53,31,18,4,0,2,2,0,0,,
640,UP,Uttar Pradesh,UP_Etawah,Etawah,94,52,41,1,0,6,4,2,0,,
642,UP,Uttar Pradesh,UP_Farrukhabad,Farrukhabad,55,28,26,1,0,1,-2,3,0,,
643,UP,Uttar Pradesh,UP_Fatehpur,Fatehpur,69,30,39,0,0,0,0,0,0,,
644,UP,Uttar Pradesh,UP_Firozabad,Firozabad,319,70,231,18,0,0,-7,7,0,,
645,UP,Uttar Pradesh,UP_Gautam Buddha Nagar,Gautam Buddha Nagar,727,293,426,8,0,28,-15,43,0,,
646,UP,Uttar Pradesh,UP_Ghaziabad,Ghaziabad,531,242,278,11,0,41,36,3,2,,
647,UP,Uttar Pradesh,UP_Ghazipur,Ghazipur,167,84,83,0,0,5,2,3,0,,
648,UP,Uttar Pradesh,UP_Gonda,Gonda,91,32,59,0,0,5,-2,7,0,,
649,UP,Uttar Pradesh,UP_Gorakhpur,Gorakhpur,145,87,50,8,0,4,-9,13,0,,
650,UP,Uttar Pradesh,UP_Hamirpur,Hamirpur,15,10,5,0,0,3,3,0,0,,
651,UP,Uttar Pradesh,UP_Hapur,Hapur,198,95,101,2,0,7,-3,10,0,,
652,UP,Uttar Pradesh,UP_Hardoi,Hardoi,124,86,38,0,0,8,6,2,0,,
653,UP,Uttar Pradesh,UP_Hathras,Hathras,45,22,22,1,0,3,3,0,0,,
654,UP,Uttar Pradesh,UP_Jalaun,Jalaun,70,25,41,4,0,10,9,0,1,,
655,UP,Uttar Pradesh,UP_Jaunpur,Jaunpur,301,148,150,3,0,16,-15,31,0,,
656,UP,Uttar Pradesh,UP_Jhansi,Jhansi,63,27,30,6,0,9,9,0,0,,
657,UP,Uttar Pradesh,UP_Kannauj,Kannauj,105,65,40,0,0,2,1,1,0,,
658,UP,Uttar Pradesh,UP_Kanpur Dehat,Kanpur Dehat,39,26,12,1,0,6,3,3,0,,
659,UP,Uttar Pradesh,UP_Kanpur Nagar,Kanpur Nagar,555,199,339,17,0,15,-8,22,1,,
660,UP,Uttar Pradesh,UP_Kasganj,Kasganj,26,11,15,0,0,2,2,0,0,,
661,UP,Uttar Pradesh,UP_Kaushambi,Kaushambi,50,3,47,0,0,0,0,0,0,,
663,UP,Uttar Pradesh,UP_Kushinagar,Kushinagar,57,47,8,2,0,3,2,1,0,,
662,UP,Uttar Pradesh,UP_Lakhimpur Kheri,Lakhimpur Kheri,80,17,63,0,0,4,0,4,0,,
664,UP,Uttar Pradesh,UP_Lalitpur,Lalitpur,3,1,1,1,0,0,-1,1,0,,
665,UP,Uttar Pradesh,UP_Lucknow,Lucknow,480,146,328,6,0,12,9,2,1,,
667,UP,Uttar Pradesh,UP_Maharajganj,Maharajganj,89,52,36,1,0,4,3,1,0,,
666,UP,Uttar Pradesh,UP_Mahoba,Mahoba,23,12,10,1,0,4,3,1,0,,
668,UP,Uttar Pradesh,UP_Mainpuri,Mainpuri,87,56,29,2,0,3,2,1,0,,
669,UP,Uttar Pradesh,UP_Mathura,Mathura,107,32,69,6,0,2,2,0,0,,
670,UP,Uttar Pradesh,UP_Mau,Mau,62,31,30,1,0,0,-11,11,0,,
671,UP,Uttar Pradesh,UP_Meerut,Meerut,553,151,362,40,0,12,10,0,2,,
672,UP,Uttar Pradesh,UP_Mirzapur,Mirzapur,40,17,23,0,0,2,1,1,0,,
673,UP,Uttar Pradesh,UP_Moradabad,Moradabad,275,74,190,11,0,4,-3,7,0,,
674,UP,Uttar Pradesh,UP_Muzaffarnagar,Muzaffarnagar,130,60,68,2,0,2,-17,18,1,,
675,UP,Uttar Pradesh,UP_Pilibhit,Pilibhit,56,12,44,0,0,3,3,0,0,,
676,UP,Uttar Pradesh,UP_Pratapgarh,Pratapgarh,90,12,74,4,0,0,-2,2,0,,
677,UP,Uttar Pradesh,UP_Prayagraj,Prayagraj,132,46,82,4,0,3,1,2,0,,
678,UP,Uttar Pradesh,UP_Rae Bareli,Rae Bareli,100,34,65,1,0,8,5,3,0,,
679,UP,Uttar Pradesh,UP_Rampur,Rampur,222,48,172,2,0,17,8,9,0,,
680,UP,Uttar Pradesh,UP_Saharanpur,Saharanpur,272,41,231,0,0,0,-2,2,0,,
681,UP,Uttar Pradesh,UP_Sambhal,Sambhal,148,64,83,1,0,5,-8,13,0,,
682,UP,Uttar Pradesh,UP_Sant Kabir Nagar,Sant Kabir Nagar,153,92,54,7,0,8,7,0,1,,
683,UP,Uttar Pradesh,UP_Shahjahanpur,Shahjahanpur,49,30,19,0,0,1,1,0,0,,
684,UP,Uttar Pradesh,UP_Shamli,Shamli,51,10,41,0,0,0,0,0,0,,
685,UP,Uttar Pradesh,UP_Shrawasti,Shrawasti,47,18,28,1,0,1,1,0,0,,
686,UP,Uttar Pradesh,UP_Siddharthnagar,Siddharthnagar,152,47,102,3,0,4,-3,7,0,,
687,UP,Uttar Pradesh,UP_Sitapur,Sitapur,44,4,40,0,0,0,0,0,0,,
688,UP,Uttar Pradesh,UP_Sonbhadra,Sonbhadra,24,20,4,0,0,10,9,1,0,,
689,UP,Uttar Pradesh,UP_Sultanpur,Sultanpur,104,42,61,1,0,2,0,2,0,,
690,UP,Uttar Pradesh,UP_Unnao,Unnao,59,29,28,2,0,5,4,1,0,,
691,UP,Uttar Pradesh,UP_Varanasi,Varanasi,247,99,143,5,0,4,-8,12,0,,
692,UT,Uttarakhand,UT_Almora,Almora,74,11,62,1,0,1,1,0,0,,
693,UT,Uttarakhand,UT_Bageshwar,Bageshwar,38,20,18,0,0,3,3,0,0,,
694,UT,Uttarakhand,UT_Chamoli,Chamoli,34,11,23,0,0,0,-7,7,0,,
695,UT,Uttarakhand,UT_Champawat,Champawat,48,20,27,1,0,0,0,0,0,,
696,UT,Uttarakhand,UT_Dehradun,Dehradun,382,230,139,9,4,7,-20,27,0,,
697,UT,Uttarakhand,UT_Haridwar,Haridwar,148,101,45,0,2,4,4,0,0,,
698,UT,Uttarakhand,UT_Nainital,Nainital,328,111,216,1,0,4,4,0,0,,
699,UT,Uttarakhand,UT_Pauri Garhwal,Pauri Garhwal,51,34,16,1,0,4,4,0,0,,
700,UT,Uttarakhand,UT_Pithoragarh,Pithoragarh,51,30,21,0,0,7,7,0,0,,
701,UT,Uttarakhand,UT_Rudraprayag,Rudraprayag,28,25,3,0,0,4,4,0,0,,
702,UT,Uttarakhand,UT_Tehri Garhwal,Tehri Garhwal,192,94,98,0,0,43,43,0,0,,
703,UT,Uttarakhand,UT_Udham Singh Nagar,Udham Singh Nagar,91,28,63,0,0,0,0,0,0,,
704,UT,Uttarakhand,UT_Uttarkashi,Uttarkashi,23,5,18,0,0,0,-1,1,0,,
705,WB,West Bengal,WB_Alipurduar,Alipurduar,38,32,6,0,0,1,-1,2,0,,
706,WB,West Bengal,WB_Bankura,Bankura,140,97,43,0,0,0,0,0,0,,
707,WB,West Bengal,WB_Birbhum,Birbhum,233,57,175,1,0,29,25,4,0,,
708,WB,West Bengal,WB_Cooch Behar,Cooch Behar,216,149,67,0,0,11,-6,17,0,,
709,WB,West Bengal,WB_Dakshin Dinajpur,Dakshin Dinajpur,44,11,33,0,0,0,0,0,0,,
710,WB,West Bengal,WB_Darjeeling,Darjeeling,118,75,40,3,0,16,9,7,0,,
711,WB,West Bengal,WB_Hooghly,Hooghly,619,416,191,12,0,17,10,7,0,,
712,WB,West Bengal,WB_Howrah,Howrah,1495,908,534,53,0,38,23,12,3,,
713,WB,West Bengal,WB_Jalpaiguri,Jalpaiguri,100,88,12,0,0,5,5,0,0,,
714,WB,West Bengal,WB_Jhargram,Jhargram,11,5,6,0,0,0,0,0,0,,
715,WB,West Bengal,WB_Kalimpong,Kalimpong,22,14,7,1,0,4,4,0,0,,
716,WB,West Bengal,WB_Kolkata,Kolkata,3018,1548,1205,265,0,132,77,50,5,,
717,WB,West Bengal,WB_Malda,Malda,233,120,113,0,0,2,0,2,0,,
719,WB,West Bengal,WB_Murshidabad,Murshidabad,145,42,101,2,0,16,10,6,0,,
720,WB,West Bengal,WB_Nadia,Nadia,134,64,68,2,0,0,-9,9,0,,
721,WB,West Bengal,WB_North 24 Parganas,North 24 Parganas,1186,716,411,59,0,28,16,11,1,,
0,WB,West Bengal,WB_Other State,Other State,66,45,18,3,0,0,0,0,0,,
722,WB,West Bengal,WB_Paschim Bardhaman,Paschim Bardhaman,84,42,40,2,0,2,2,0,0,,
718,WB,West Bengal,WB_Paschim Medinipur,Paschim Medinipur,190,128,61,1,0,12,-10,22,0,,
723,WB,West Bengal,WB_Purba Bardhaman,Purba Bardhaman,125,27,98,0,0,0,0,0,0,,
724,WB,West Bengal,WB_Purba Medinipur,Purba Medinipur,161,83,76,2,0,17,15,2,0,,
725,WB,West Bengal,WB_Purulia,Purulia,83,41,42,0,0,20,19,1,0,,
726,WB,West Bengal,WB_South 24 Parganas,South 24 Parganas,317,191,117,9,0,22,18,3,1,,
727,WB,West Bengal,WB_Uttar Dinajpur,Uttar Dinajpur,207,51,156,0,0,0,0,0,0,,
728,AN,Andaman and Nicobar Islands,AN_Unknown,Unknown,0,0,0,0,,0,0,0,0,,
729,AP,Andhra Pradesh,AP_Unknown,Unknown,147,131,16,0,,0,0,0,0,,
730,AR,Arunachal Pradesh,AR_Unknown,Unknown,0,0,0,0,,0,0,0,0,,
731,AS,Assam,AS_Unknown,Unknown,124,-178,301,1,,0,0,0,0,,
732,BR,Bihar,BR_Unknown,Unknown,0,0,0,0,,0,0,0,0,,
733,CH,Chandigarh,CH_Unknown,Unknown,0,0,0,0,,0,0,0,0,,
734,CT,Chhattisgarh,CT_Unknown,Unknown,1,1,0,0,,0,0,0,0,,
735,DN,Dadra and Nagar Haveli and Daman and Diu,DN_Unknown,Unknown,0,0,0,0,,0,0,0,0,,
737,DL,Delhi,DL_Unknown,Unknown,29155,16925,11357,873,,0,0,0,0,,
738,GA,Goa,GA_Unknown,Unknown,0,0,0,0,,0,0,0,0,,
739,GJ,Gujarat,GJ_Unknown,Unknown,0,0,0,0,,0,0,0,0,,
740,HR,Haryana,HR_Unknown,Unknown,0,0,0,0,,0,0,0,0,,
741,HP,Himachal Pradesh,HP_Unknown,Unknown,0,0,0,0,,0,0,0,0,,
742,JK,Jammu and Kashmir,JK_Unknown,Unknown,0,0,0,0,,0,0,0,0,,
743,JH,Jharkhand,JH_Unknown,Unknown,0,0,0,0,,0,0,0,0,,
744,KA,Karnataka,KA_Unknown,Unknown,0,0,0,0,,0,0,0,0,,
745,KL,Kerala,KL_Unknown,Unknown,0,0,0,0,,0,0,0,0,,
746,LA,Ladakh,LA_Unknown,Unknown,0,0,0,0,,0,0,0,0,,
747,LD,Lakshadweep,LD_Unknown,Unknown,0,0,0,0,,0,0,0,0,,
748,MP,Madhya Pradesh,MP_Unknown,Unknown,0,0,0,0,,0,0,0,0,,
749,MH,Maharashtra,MH_Unknown,Unknown,0,0,0,0,,0,0,0,0,,
750,MN,Manipur,MN_Unknown,Unknown,31,-2,33,0,,0,0,0,0,,
751,ML,Meghalaya,ML_Unknown,Unknown,5,5,0,0,,0,0,0,0,,
752,MZ,Mizoram,MZ_Unknown,Unknown,0,0,0,0,,0,0,0,0,,
753,NL,Nagaland,NL_Unknown,Unknown,0,0,0,0,,0,0,0,0,,
754,OR,Odisha,OR_Unknown,Unknown,0,0,0,0,,0,0,0,0,,
755,PY,Puducherry,PY_Unknown,Unknown,0,0,0,0,,0,0,0,0,,
756,PB,Punjab,PB_Unknown,Unknown,0,0,0,0,,0,0,0,0,,
757,RJ,Rajasthan,RJ_Unknown,Unknown,0,0,0,0,,0,0,0,0,,
758,SK,Sikkim,SK_Unknown,Unknown,0,0,0,0,,0,0,0,0,,
759,TN,Tamil Nadu,TN_Unknown,Unknown,0,0,0,0,,0,0,0,0,,
760,TG,Telangana,TG_Unknown,Unknown,357,-941,1191,107,,0,0,0,0,,
761,TR,Tripura,TR_Unknown,Unknown,0,0,0,0,,0,0,0,0,,
762,UP,Uttar Pradesh,UP_Unknown,Unknown,0,0,0,0,,0,0,0,0,,
763,UT,Uttarakhand,UT_Unknown,Unknown,0,0,0,0,,0,0,0,0,,
764,WB,West Bengal,WB_Unknown,Unknown,0,0,0,0,,0,0,0,0,,