SlNo,State_Code,State,District_Key,District,Confirmed,Active,Recovered,Deceased,Migrated_Other,Delta_Confirmed,Delta_Active,Delta_Recovered,Delta_Deceased,District_Notes,Last_Updated
0,UN,State Unassigned,UN_Unassigned,Unassigned,7477,7477,0,0,0,-773,-773,0,0,,
1,AN,Andaman and Nicobar Islands,AN_Nicobars,Nicobars,0,0,0,0,0,0,0,0,0,,
2,AN,Andaman and Nicobar Islands,AN_North and Middle Andaman,North and Middle Andaman,1,0,1,0,0,0,0,0,0,,
3,AN,Andaman and Nicobar Islands,AN_South Andaman,South Andaman,32,0,32,0,0,0,0,0,0,,
0,AP,Andhra Pradesh,AP_Foreign Evacuees,Foreign Evacuees,132,126,6,0,0,1,0,1,0,,
4,AP,Andhra Pradesh,AP_Anantapur,Anantapur,306,129,173,4,0,18,18,0,0,,
5,AP,Andhra Pradesh,AP_Chittoor,Chittoor,303,86,213,4,0,4,4,0,0,,
6,AP,Andhra Pradesh,AP_East Godavari,East Godavari,281,165,114,2,0,6,1,5,0,,
7,AP,Andhra Pradesh,AP_Guntur,Guntur,566,164,393,9,0,8,5,3,0,,
8,AP,Andhra Pradesh,AP_Krishna,Krishna,570,194,353,23,0,19,8,11,0,,
9,AP,Andhra Pradesh,AP_Kurnool,Kurnool,776,145,603,28,0,4,-1,5,0,,
0,AP,Andhra Pradesh,AP_Other State,Other State,838,520,318,0,0,28,12,16,0,,
10,AP,Andhra Pradesh,AP_Prakasam,Prakasam,86,17,69,0,0,1,-1,2,0,,
11,AP,Andhra Pradesh,AP_S.P.S. Nellore,S.P.S. Nellore,352,160,188,4,0,17,17,0,0,,
12,AP,Andhra Pradesh,AP_Srikakulam,Srikakulam,33,22,11,0,0,1,1,0,0,,
13,AP,Andhra Pradesh,AP_Visakhapatnam,Visakhapatnam,143,59,83,1,0,15,7,8,0,,
14,AP,Andhra Pradesh,AP_Vizianagaram,Vizianagaram,45,32,13,0,0,2,2,0,0,,
15,AP,Andhra Pradesh,AP_West Godavari,West Godavari,209,149,60,0,0,21,21,0,0,,
16,AP,Andhra Pradesh,AP_Y.S.R. Kadapa,Y.S.R. Kadapa,173,59,114,0,0,9,9,0,0,,
17,AR,Arunachal Pradesh,AR_Anjaw,Anjaw,0,0,0,0,0,0,0,0,0,,
18,AR,Arunachal Pradesh,AR_Changlang,Changlang,38,38,0,0,0,3,3,0,0,,
19,AR,Arunachal Pradesh,AR_East Kameng,East Kameng,0,0,0,0,0,0,0,0,0,,
20,AR,Arunachal Pradesh,AR_East Siang,East Siang,2,2,0,0,0,1,1,0,0,,
21,AR,Arunachal Pradesh,AR_Kamle,Kamle,0,0,0,0,0,0,0,0,0,,
22,AR,Arunachal Pradesh,AR_Kra Daadi,Kra Daadi,0,0,0,0,0,0,0,0,0,,
23,AR,Arunachal Pradesh,AR_Kurung Kumey,Kurung Kumey,0,0,0,0,0,0,0,0,0,,
24,AR,Arunachal Pradesh,AR_Lepa Rada,Lepa Rada,0,0,0,0,0,0,0,0,0,,
25,AR,Arunachal Pradesh,AR_Lohit,Lohit,2,1,1,0,0,0,0,0,0,,
26,AR,Arunachal Pradesh,AR_Longding,Longding,0,0,0,0,0,0,0,0,0,,
27,AR,Arunachal Pradesh,AR_Lower Dibang Valley,Lower Dibang Valley,1,1,0,0,0,1,1,0,0,,
28,AR,Arunachal Pradesh,AR_Lower Siang,Lower Siang,0,0,0,0,0,0,0,0,0,,
29,AR,Arunachal Pradesh,AR_Lower Subansiri,Lower Subansiri,0,0,0,0,0,0,0,0,0,,
30,AR,Arunachal Pradesh,AR_Namsai,Namsai,2,2,0,0,0,0,0,0,0,,
31,AR,Arunachal Pradesh,AR_Pakke Kessang,Pakke Kessang,1,1,0,0,0,0,0,0,0,,
32,AR,Arunachal Pradesh,AR_Papum Pare,Papum Pare,7,7,0,0,0,0,0,0,0,,
33,AR,Arunachal Pradesh,AR_Shi Yomi,Shi Yomi,0,0,0,0,0,0,0,0,0,,
34,AR,Arunachal Pradesh,AR_Siang,Siang,0,0,0,0,0,0,0,0,0,,
35,AR,Arunachal Pradesh,AR_Tawang,Tawang,1,1,0,0,0,0,0,0,0,,
36,AR,Arunachal Pradesh,AR_Tirap,Tirap,1,1,0,0,0,1,1,0,0,,
37,AR,Arunachal Pradesh,AR_Upper Dibang Valley,Upper Dibang Valley,0,0,0,0,0,0,0,0,0,,
38,AR,Arunachal Pradesh,AR_Upper Siang,Upper Siang,1,1,0,0,0,0,0,0,0,,
39,AR,Arunachal Pradesh,AR_Upper Subansiri,Upper Subansiri,0,0,0,0,0,0,0,0,0,,
40,AR,Arunachal Pradesh,AR_West Kameng,West Kameng,0,0,0,0,0,0,0,0,0,,
41,AR,Arunachal Pradesh,AR_West Siang,West Siang,1,1,0,0,0,0,0,0,0,,
42,AS,Assam,AS_Baksa,Baksa,16,16,0,0,0,0,0,0,0,,
43,AS,Assam,AS_Barpeta,Barpeta,85,45,40,0,0,5,5,0,0,,
44,AS,Assam,AS_Biswanath,Biswanath,46,39,7,0,0,2,2,0,0,,
45,AS,Assam,AS_Bongaigaon,Bongaigaon,13,8,5,0,0,0,0,0,0,,
46,AS,Assam,AS_Cachar,Cachar,89,7,82,0,0,7,3,4,0,,
47,AS,Assam,AS_Charaideo,Charaideo,15,15,0,0,0,0,0,0,0,,
48,AS,Assam,AS_Chirang,Chirang,33,33,0,0,0,0,0,0,0,,
49,AS,Assam,AS_Darrang,Darrang,75,75,0,0,0,10,10,0,0,,
50,AS,Assam,AS_Dhemaji,Dhemaji,51,45,6,0,0,1,0,1,0,,
51,AS,Assam,AS_Dhubri,Dhubri,306,301,5,0,0,0,0,0,0,,
52,AS,Assam,AS_Dibrugarh,Dibrugarh,50,45,5,0,0,0,0,0,0,,
53,AS,Assam,AS_Dima Hasao,Dima Hasao,88,81,7,0,0,0,0,0,0,,
54,AS,Assam,AS_Goalpara,Goalpara,48,38,4,0,0,0,0,0,0,,
55,AS,Assam,AS_Golaghat,Golaghat,220,178,42,0,0,0,0,0,0,,
56,AS,Assam,AS_Hailakandi,Hailakandi,49,43,5,1,0,0,0,0,0,,
57,AS,Assam,AS_Hojai,Hojai,237,237,0,0,0,0,0,0,0,,
58,AS,Assam,AS_Jorhat,Jorhat,27,-1,28,0,0,0,0,0,0,,
59,AS,Assam,AS_Kamrup,Kamrup,146,125,21,0,0,26,26,0,0,,
60,AS,Assam,AS_Kamrup Metropolitan,Kamrup Metropolitan,405,91,311,3,0,1,-20,21,0,,
61,AS,Assam,AS_Karbi Anglong,Karbi Anglong,11,6,5,0,0,0,0,0,0,,
62,AS,Assam,AS_Karimganj,Karimganj,77,61,16,0,0,0,-3,3,0,,
63,AS,Assam,AS_Kokrajhar,Kokrajhar,57,57,0,0,0,0,0,0,0,,
64,AS,Assam,AS_Lakhimpur,Lakhimpur,67,61,6,0,0,6,6,0,0,,
65,AS,Assam,AS_Majuli,Majuli,6,6,0,0,0,0,0,0,0,,
66,AS,Assam,AS_Morigaon,Morigaon,49,39,10,0,0,0,0,0,0,,
67,AS,Assam,AS_Nagaon,Nagaon,144,122,22,0,0,37,37,0,0,,
68,AS,Assam,AS_Nalbari,Nalbari,25,16,9,0,0,0,0,0,0,,
0,AS,Assam,AS_Other State,Other State,1,0,1,0,0,0,0,0,0,,
69,AS,Assam,AS_Sivasagar,Sivasagar,27,27,0,0,0,0,0,0,0,,
70,AS,Assam,AS_Sonitpur,Sonitpur,34,8,26,0,0,0,0,0,0,,
71,AS,Assam,AS_South Salmara Mankachar,South Salmara Mankachar,6,5,1,0,0,0,0,0,0,,
72,AS,Assam,AS_Tinsukia,Tinsukia,68,68,0,0,0,0,0,0,0,,
73,AS,Assam,AS_Udalguri,Udalguri,65,63,2,0,0,0,0,0,0,,
74,AS,Assam,AS_West Karbi Anglong,West Karbi Anglong,17,17,0,0,0,0,0,0,0,,
75,BR,Bihar,BR_Araria,Araria,78,48,29,1,0,5,4,1,0,,
76,BR,Bihar,BR_Arwal,Arwal,58,20,38,0,0,4,4,0,0,,
77,BR,Bihar,BR_Aurangabad,Aurangabad,85,32,53,0,0,0,-7,7,0,,
78,BR,Bihar,BR_Banka,Banka,137,57,80,0,0,5,5,0,0,,
79,BR,Bihar,BR_Begusarai,Begusarai,262,142,117,3,0,0,0,0,0,,
80,BR,Bihar,BR_Bhagalpur,Bhagalpur,248,118,129,1,0,3,-41,44,0,,
81,BR,Bihar,BR_Bhojpur,Bhojpur,112,71,39,2,0,1,1,0,0,,
82,BR,Bihar,BR_Buxar,Buxar,140,36,104,0,0,10,10,0,0,,
83,BR,Bihar,BR_Darbhanga,Darbhanga,130,75,54,1,0,0,-1,0,1,,
101,BR,Bihar,BR_East Champaran,East Champaran,130,63,66,1,0,0,0,0,0,,
84,BR,Bihar,BR_Gaya,Gaya,123,87,36,0,0,6,6,0,0,,
85,BR,Bihar,BR_Gopalganj,Gopalganj,136,61,75,0,0,2,1,1,0,,
86,BR,Bihar,BR_Jamui,Jamui,46,22,23,1,0,0,-4,4,0,,
87,BR,Bihar,BR_Jehanabad,Jehanabad,178,54,123,1,0,0,-1,1,0,,
88,BR,Bihar,BR_Kaimur,Kaimur,102,46,56,0,0,0,-5,5,0,,
89,BR,Bihar,BR_Katihar,Katihar,174,95,79,0,0,5,5,0,0,,
90,BR,Bihar,BR_Khagaria,Khagaria,279,166,110,3,0,0,-19,19,0,,
91,BR,Bihar,BR_Kishanganj,Kishanganj,104,85,19,0,0,3,3,0,0,,
92,BR,Bihar,BR_Lakhisarai,Lakhisarai,67,37,30,0,0,0,-9,9,0,,
93,BR,Bihar,BR_Madhepura,Madhepura,99,62,36,1,0,2,2,0,0,,
94,BR,Bihar,BR_Madhubani,Madhubani,237,151,86,0,0,19,19,0,0,,
95,BR,Bihar,BR_Munger,Munger,208,74,133,1,0,11,11,0,0,,
96,BR,Bihar,BR_Muzaffarpur,Muzaffarpur,121,85,35,1,0,13,9,4,0,,
97,BR,Bihar,BR_Nalanda,Nalanda,124,36,87,1,0,0,0,0,0,,
98,BR,Bihar,BR_Nawada,Nawada,144,85,58,1,0,5,-4,9,0,,
100,BR,Bihar,BR_Patna,Patna,288,91,195,2,0,9,1,8,0,,
102,BR,Bihar,BR_Purnia,Purnia,149,99,50,0,0,9,9,0,0,,
103,BR,Bihar,BR_Rohtas,Rohtas,245,58,186,1,0,11,10,1,0,,
104,BR,Bihar,BR_Saharsa,Saharsa,88,43,45,0,0,3,3,0,0,,
105,BR,Bihar,BR_Samastipur,Samastipur,133,69,63,1,0,3,-6,9,0,,
106,BR,Bihar,BR_Saran,Saran,103,57,45,1,0,0,-9,9,0,,
107,BR,Bihar,BR_Sheikhpura,Sheikhpura,115,82,33,0,0,4,4,0,0,,
108,BR,Bihar,BR_Sheohar,Sheohar,24,14,9,1,0,0,0,0,0,,
109,BR,Bihar,BR_Sitamarhi,Sitamarhi,78,43,33,2,0,0,0,0,0,,
110,BR,Bihar,BR_Siwan,Siwan,157,97,58,2,0,28,22,6,0,,
111,BR,Bihar,BR_Supaul,Supaul,160,116,44,0,0,6,6,0,0,,
112,BR,Bihar,BR_Vaishali,Vaishali,97,46,49,2,0,5,5,0,0,,
99,BR,Bihar,BR_West Champaran,West Champaran,88,51,37,0,0,5,5,0,0,,
113,CH,Chandigarh,CH_Chandigarh,Chandigarh,320,41,274,5,0,6,6,0,0,,
114,CT,Chhattisgarh,CT_Balod,Balod,41,21,20,0,0,0,-1,1,0,,
115,CT,Chhattisgarh,CT_Baloda Bazar,Baloda Bazar,117,103,14,0,0,15,14,1,0,,
116,CT,Chhattisgarh,CT_Balrampur,Balrampur,22,14,8,0,0,0,0,0,0,,
117,CT,Chhattisgarh,CT_Bametara,Bametara,24,10,14,0,0,3,2,1,0,,
118,CT,Chhattisgarh,CT_Bastar,Bastar,3,2,0,1,0,0,0,0,0,,
119,CT,Chhattisgarh,CT_Bijapur,Bijapur,0,0,0,0,0,0,0,0,0,,
120,CT,Chhattisgarh,CT_Bilaspur,Bilaspur,100,66,33,1,0,1,-7,8,0,,
121,CT,Chhattisgarh,CT_Dakshin Bastar Dantewada,Dakshin Bastar Dantewada,0,0,0,0,0,0,0,0,0,,
122,CT,Chhattisgarh,CT_Dhamtari,Dhamtari,6,4,2,0,0,0,-1,1,0,,
123,CT,Chhattisgarh,CT_Durg,Durg,41,29,11,1,0,0,-1,1,0,,
124,CT,Chhattisgarh,CT_Gariaband,Gariaband,10,6,4,0,0,0,0,0,0,,
125,CT,Chhattisgarh,CT_Janjgir Champa,Janjgir Champa,63,47,16,0,0,6,6,0,0,,
126,CT,Chhattisgarh,CT_Jashpur,Jashpur,78,70,8,0,0,0,-2,2,0,,
127,CT,Chhattisgarh,CT_Kabeerdham,Kabeerdham,81,68,13,0,0,6,6,0,0,,
128,CT,Chhattisgarh,CT_Kondagaon,Kondagaon,0,0,0,0,0,0,0,0,0,,
129,CT,Chhattisgarh,CT_Korba,Korba,125,87,38,0,0,17,13,4,0,,
130,CT,Chhattisgarh,CT_Koriya,Koriya,45,38,7,0,0,7,5,2,0,,
131,CT,Chhattisgarh,CT_Mahasamund,Mahasamund,57,52,5,0,0,0,-5,5,0,,
132,CT,Chhattisgarh,CT_Mungeli,Mungeli,97,44,53,0,0,11,10,1,0,,
133,CT,Chhattisgarh,CT_Narayanpur,Narayanpur,0,0,0,0,0,0,0,0,0,,
134,CT,Chhattisgarh,CT_Raigarh,Raigarh,47,34,13,0,0,1,0,1,0,,
135,CT,Chhattisgarh,CT_Raipur,Raipur,89,78,10,1,0,7,6,1,0,,
136,CT,Chhattisgarh,CT_Rajnandgaon,Rajnandgaon,57,49,8,0,0,5,-2,7,0,,
137,CT,Chhattisgarh,CT_Sukma,Sukma,0,0,0,0,0,0,0,0,0,,
138,CT,Chhattisgarh,CT_Surajpur,Surajpur,11,3,8,0,0,0,-1,1,0,,
139,CT,Chhattisgarh,CT_Surguja,Surguja,14,7,7,0,0,0,0,0,0,,
140,CT,Chhattisgarh,CT_Uttar Bastar Kanker,Uttar Bastar Kanker,26,13,13,0,0,5,3,2,0,,
766,CT,Chhattisgarh,CT_Gaurela Pendra Marwahi,Gaurela Pendra Marwahi,3,0,3,0,0,0,-3,3,0,,
144,DL,Delhi,DL_Central Delhi,Central Delhi,184,184,0,0,0,0,0,0,0,,
145,DL,Delhi,DL_East Delhi,East Delhi,38,38,0,0,0,0,0,0,0,,
146,DL,Delhi,DL_New Delhi,New Delhi,37,37,0,0,0,0,0,0,0,,
147,DL,Delhi,DL_North Delhi,North Delhi,60,60,0,0,0,0,0,0,0,,
148,DL,Delhi,DL_North East Delhi,North East Delhi,25,25,0,0,0,0,0,0,0,,
149,DL,Delhi,DL_North West Delhi,North West Delhi,32,31,0,1,0,0,0,0,0,,
150,DL,Delhi,DL_Shahdara,Shahdara,48,48,0,0,0,0,0,0,0,,
151,DL,Delhi,DL_South Delhi,South Delhi,70,70,0,0,0,0,0,0,0,,
152,DL,Delhi,DL_South East Delhi,South East Delhi,130,130,0,0,0,0,0,0,0,,
153,DL,Delhi,DL_South West Delhi,South West Delhi,42,42,0,0,0,0,0,0,0,,
154,DL,Delhi,DL_West Delhi,West Delhi,122,122,0,0,0,0,0,0,0,,
141,DN,Dadra and Nagar Haveli and Daman and Diu,DN_Dadra and Nagar Haveli,Dadra and Nagar Haveli,20,18,2,0,0,0,0,0,0,,
142,DN,Dadra and Nagar Haveli and Daman and Diu,DN_Daman,Daman,0,0,0,0,0,0,0,0,0,,
143,DN,Dadra and Nagar Haveli and Daman and Diu,DN_Diu,Diu,0,0,0,0,0,0,0,0,0,,
155,GA,Goa,GA_North Goa,North Goa,6,0,6,0,0,0,0,0,0,,
156,GA,Goa,GA_South Goa,South Goa,324,263,61,0,0,45,-3,48,0,,
0,GJ,Gujarat,GJ_Other State,Other State,29,21,8,0,0,2,2,0,0,,
157,GJ,Gujarat,GJ_Ahmedabad,Ahmedabad,14631,3462,10130,1039,0,346,104,218,24,,
158,GJ,Gujarat,GJ_Amreli,Amreli,16,9,6,1,0,1,1,0,0,,
159,GJ,Gujarat,GJ_Anand,Anand,111,8,92,11,0,0,-1,1,0,,
160,GJ,Gujarat,GJ_Aravalli,Aravalli,125,6,112,7,0,4,4,0,0,,
161,GJ,Gujarat,GJ_Banaskantha,Banaskantha,144,37,101,6,0,2,2,0,0,,
162,GJ,Gujarat,GJ_Bharuch,Bharuch,58,19,35,4,0,2,1,1,0,,
163,GJ,Gujarat,GJ_Bhavnagar,Bhavnagar,143,26,107,10,0,3,3,0,0,,
164,GJ,Gujarat,GJ_Botad,Botad,60,3,55,2,0,0,0,0,0,,
165,GJ,Gujarat,GJ_Chhota Udaipur,Chhota Udaipur,37,14,23,0,0,0,0,0,0,,
167,GJ,Gujarat,GJ_Dahod,Dahod,46,14,32,0,0,0,0,0,0,,
187,GJ,Gujarat,GJ_Dang,Dang,4,2,2,0,0,0,0,0,0,,
166,GJ,Gujarat,GJ_Devbhumi Dwarka,Devbhumi Dwarka,15,4,11,0,0,0,0,0,0,,
168,GJ,Gujarat,GJ_Gandhinagar,Gandhinagar,424,217,189,18,0,4,1,1,2,,
169,GJ,Gujarat,GJ_Gir Somnath,Gir Somnath,48,3,45,0,0,1,1,0,0,,
170,GJ,Gujarat,GJ_Jamnagar,Jamnagar,66,20,43,3,0,5,5,0,0,,
171,GJ,Gujarat,GJ_Junagadh,Junagadh,36,8,27,1,0,4,4,0,0,,
173,GJ,Gujarat,GJ_Kheda,Kheda,101,37,60,4,0,1,0,1,0,,
172,GJ,Gujarat,GJ_Kutch,Kutch,79,8,66,5,0,1,-4,5,0,,
175,GJ,Gujarat,GJ_Mahisagar,Mahisagar,116,7,107,2,0,0,0,0,0,,
174,GJ,Gujarat,GJ_Mehsana,Mehsana,160,66,87,7,0,1,-2,3,0,,
176,GJ,Gujarat,GJ_Morbi,Morbi,4,0,4,0,0,0,-1,1,0,,
177,GJ,Gujarat,GJ_Narmada,Narmada,23,5,18,0,0,0,0,0,0,,
178,GJ,Gujarat,GJ_Navsari,Navsari,34,18,15,1,0,2,2,0,0,,
179,GJ,Gujarat,GJ_Panchmahal,Panchmahal,105,15,78,12,0,4,2,1,1,,
180,GJ,Gujarat,GJ_Patan,Patan,103,26,70,7,0,0,0,0,0,,
181,GJ,Gujarat,GJ_Porbandar,Porbandar,12,4,6,2,0,0,0,0,0,,
182,GJ,Gujarat,GJ_Rajkot,Rajkot,131,49,77,5,0,0,-2,1,1,,
183,GJ,Gujarat,GJ_Sabarkantha,Sabarkantha,122,29,89,4,0,5,3,1,1,,
184,GJ,Gujarat,GJ_Surat,Surat,2146,653,1411,82,0,48,-11,57,2,,
185,GJ,Gujarat,GJ_Surendranagar,Surendranagar,56,26,28,2,0,6,6,0,0,,
186,GJ,Gujarat,GJ_Tapi,Tapi,6,1,5,0,0,0,0,0,0,,
188,GJ,Gujarat,GJ_Vadodara,Vadodara,1328,488,797,43,0,35,7,28,0,,
189,GJ,Gujarat,GJ_Valsad,Valsad,55,25,28,2,0,0,-2,2,0,,
212,HP,Himachal Pradesh,HP_Bilaspur,Bilaspur,22,10,12,0,0,0,0,0,0,,
213,HP,Himachal Pradesh,HP_Chamba,Chamba,32,14,18,0,0,0,0,0,0,,
214,HP,Himachal Pradesh,HP_Hamirpur,Hamirpur,123,54,68,1,0,0,-1,1,0,,
215,HP,Himachal Pradesh,HP_Kangra,Kangra,109,49,59,1,0,0,0,0,0,,
216,HP,Himachal Pradesh,HP_Kinnaur,Kinnaur,2,2,0,0,0,0,0,0,0,,
217,HP,Himachal Pradesh,HP_Kullu,Kullu,4,3,1,0,0,0,0,0,0,,
218,HP,Himachal Pradesh,HP_Lahaul and Spiti,Lahaul and Spiti,0,0,0,0,0,0,0,0,0,,
219,HP,Himachal Pradesh,HP_Mandi,Mandi,21,10,9,2,0,0,0,0,0,,
220,HP,Himachal Pradesh,HP_Shimla,Shimla,13,4,8,1,0,0,0,0,0,,
221,HP,Himachal Pradesh,HP_Sirmaur,Sirmaur,12,8,4,0,0,1,0,1,0,,
222,HP,Himachal Pradesh,HP_Solan,Solan,34,16,14,1,3,2,0,2,0,,
223,HP,Himachal Pradesh,HP_Una,Una,49,19,30,0,0,7,6,1,0,,
0,HR,Haryana,HR_Foreign Evacuees,Foreign Evacuees,21,19,2,0,0,0,0,0,0,,
190,HR,Haryana,HR_Ambala,Ambala,95,40,53,2,0,8,8,0,0,,
191,HR,Haryana,HR_Bhiwani,Bhiwani,74,44,30,0,0,2,-17,19,0,,
192,HR,Haryana,HR_Charkhi Dadri,Charkhi Dadri,35,34,1,0,0,0,0,0,0,,
193,HR,Haryana,HR_Faridabad,Faridabad,773,577,183,13,0,97,97,0,0,,
194,HR,Haryana,HR_Fatehabad,Fatehabad,44,29,15,0,0,1,-2,3,0,,
195,HR,Haryana,HR_Gurugram,Gurugram,2165,1577,579,9,0,243,110,128,5,,
196,HR,Haryana,HR_Hisar,Hisar,88,53,35,0,0,2,-5,7,0,,
0,HR,Haryana,HR_Italians,Italians,14,0,14,0,0,0,0,0,0,,
197,HR,Haryana,HR_Jhajjar,Jhajjar,111,15,96,0,0,2,2,0,0,,
198,HR,Haryana,HR_Jind,Jind,42,13,26,3,0,3,2,0,1,,
199,HR,Haryana,HR_Kaithal,Kaithal,45,28,17,0,0,1,-5,6,0,,
200,HR,Haryana,HR_Karnal,Karnal,105,62,41,2,0,6,5,0,1,,
201,HR,Haryana,HR_Kurukshetra,Kurukshetra,52,22,30,0,0,0,0,0,0,,
202,HR,Haryana,HR_Mahendragarh,Mahendragarh,102,38,64,0,0,0,-27,27,0,,
203,HR,Haryana,HR_Nuh,Nuh,102,29,73,0,0,0,-2,2,0,,
204,HR,Haryana,HR_Palwal,Palwal,129,75,54,0,0,5,5,0,0,,
205,HR,Haryana,HR_Panchkula,Panchkula,34,8,26,0,0,1,1,0,0,,
206,HR,Haryana,HR_Panipat,Panipat,85,25,56,4,0,2,-3,5,0,,
207,HR,Haryana,HR_Rewari,Rewari,48,35,12,1,0,0,-1,0,1,,
208,HR,Haryana,HR_Rohtak,Rohtak,177,93,82,2,0,15,-12,26,1,,
209,HR,Haryana,HR_Sirsa,Sirsa,57,19,38,0,0,5,2,3,0,,
210,HR,Haryana,HR_Sonipat,Sonipat,436,269,164,3,0,13,11,0,2,,
211,HR,Haryana,HR_Yamunanagar,Yamunanagar,20,11,9,0,0,0,0,0,0,,
246,JH,Jharkhand,JH_Bokaro,Bokaro,26,5,20,1,0,0,0,0,0,,
247,JH,Jharkhand,JH_Chatra,Chatra,18,17,1,0,0,17,17,0,0,,
248,JH,Jharkhand,JH_Deoghar,Deoghar,10,5,5,0,0,5,5,0,0,,
249,JH,Jharkhand,JH_Dhanbad,Dhanbad,114,62,52,0,0,36,36,0,0,,
250,JH,Jharkhand,JH_Dumka,Dumka,4,0,4,0,0,0,0,0,0,,
264,JH,Jharkhand,JH_East Singhbhum,East Singhbhum,181,148,33,0,0,2,2,0,0,,
251,JH,Jharkhand,JH_Garhwa,Garhwa,86,28,58,0,0,5,5,0,0,,
252,JH,Jharkhand,JH_Giridih,Giridih,33,12,20,1,0,12,12,0,0,,
253,JH,Jharkhand,JH_Godda,Godda,1,0,1,0,0,0,0,0,0,,
254,JH,Jharkhand,JH_Gumla,Gumla,56,50,6,0,0,15,10,5,0,,
255,JH,Jharkhand,JH_Hazaribagh,Hazaribagh,123,58,65,0,0,4,-9,13,0,,
256,JH,Jharkhand,JH_Jamtara,Jamtara,28,26,2,0,0,18,18,0,0,,
257,JH,Jharkhand,JH_Khunti,Khunti,13,11,2,0,0,3,3,0,0,,
258,JH,Jharkhand,JH_Koderma,Koderma,62,30,31,1,0,0,0,0,0,,
259,JH,Jharkhand,JH_Latehar,Latehar,32,25,7,0,0,6,6,0,0,,
260,JH,Jharkhand,JH_Lohardaga,Lohardaga,21,15,6,0,0,3,3,0,0,,
261,JH,Jharkhand,JH_Pakur,Pakur,17,14,3,0,0,12,12,0,0,,
262,JH,Jharkhand,JH_Palamu,Palamu,29,3,26,0,0,0,-8,8,0,,
265,JH,Jharkhand,JH_Ramgarh,Ramgarh,85,75,10,0,0,2,2,0,0,,
266,JH,Jharkhand,JH_Ranchi,Ranchi,146,19,123,4,0,0,-2,2,0,,
267,JH,Jharkhand,JH_Sahibganj,Sahibganj,3,3,0,0,0,0,0,0,0,,
268,JH,Jharkhand,JH_Saraikela-Kharsawan,Saraikela-Kharsawan,22,16,6,0,0,0,-1,1,0,,
269,JH,Jharkhand,JH_Simdega,Simdega,157,125,32,0,0,46,46,0,0,,
263,JH,Jharkhand,JH_West Singhbhum,West Singhbhum,23,17,6,0,0,1,1,0,0,,
224,JK,Jammu and Kashmir,JK_Anantnag,Anantnag,459,234,220,5,0,14,-43,57,0,,
226,JK,Jammu and Kashmir,JK_Bandipora,Bandipora,224,87,136,1,0,9,9,0,0,,
227,JK,Jammu and Kashmir,JK_Baramulla,Baramulla,482,368,107,7,0,33,31,2,0,,
225,JK,Jammu and Kashmir,JK_Budgam,Budgam,200,121,77,2,0,40,33,7,0,,
228,JK,Jammu and Kashmir,JK_Doda,Doda,42,39,2,1,0,1,0,1,0,,
229,JK,Jammu and Kashmir,JK_Ganderbal,Ganderbal,57,31,26,0,0,1,1,0,0,,
230,JK,Jammu and Kashmir,JK_Jammu,Jammu,234,161,70,3,0,12,12,0,0,,
231,JK,Jammu and Kashmir,JK_Kathua,Kathua,118,78,40,0,0,11,9,2,0,,
232,JK,Jammu and Kashmir,JK_Kishtwar,Kishtwar,17,13,4,0,0,0,0,0,0,,
233,JK,Jammu and Kashmir,JK_Kulgam,Kulgam,538,383,150,5,0,10,-11,20,1,,
234,JK,Jammu and Kashmir,JK_Kupwara,Kupwara,349,245,101,3,0,11,4,6,1,,
235,JK,Jammu and Kashmir,JK_Mirpur,Mirpur,0,0,0,0,0,0,0,0,0,,
236,JK,Jammu and Kashmir,JK_Muzaffarabad,Muzaffarabad,0,0,0,0,0,0,0,0,0,,
237,JK,Jammu and Kashmir,JK_Pulwama,Pulwama,188,171,16,1,0,7,5,1,1,,
238,JK,Jammu and Kashmir,JK_Punch,Punch,73,69,4,0,0,4,3,1,0,,
239,JK,Jammu and Kashmir,JK_Rajouri,Rajouri,57,44,13,0,0,1,-6,7,0,,
240,JK,Jammu and Kashmir,JK_Ramban,Ramban,168,147,21,0,0,0,-1,1,0,,
241,JK,Jammu and Kashmir,JK_Reasi,Reasi,20,17,3,0,0,0,0,0,0,,
242,JK,Jammu and Kashmir,JK_Samba,Samba,63,40,23,0,0,4,4,0,0,,
243,JK,Jammu and Kashmir,JK_Shopiyan,Shopiyan,401,264,133,4,0,31,31,0,0,,
244,JK,Jammu and Kashmir,JK_Srinagar,Srinagar,465,307,146,12,0,9,5,3,1,,
245,JK,Jammu and Kashmir,JK_Udhampur,Udhampur,130,97,32,1,0,0,0,0,0,,
270,KA,Karnataka,KA_Bagalkote,Bagalkote,93,16,76,1,0,2,2,0,0,,
271,KA,Karnataka,KA_Ballari,Ballari,68,24,43,1,0,8,8,0,0,,
272,KA,Karnataka,KA_Belagavi,Belagavi,301,149,151,1,0,0,0,0,0,,
274,KA,Karnataka,KA_Bengaluru Rural,Bengaluru Rural,36,24,11,1,0,0,0,0,0,,
273,KA,Karnataka,KA_Bengaluru Urban,Bengaluru Urban,493,176,298,18,1,18,15,0,3,,
275,KA,Karnataka,KA_Bidar,Bidar,270,167,97,6,0,48,48,0,0,,
276,KA,Karnataka,KA_Chamarajanagara,Chamarajanagara,0,0,0,0,0,0,0,0,0,,
277,KA,Karnataka,KA_Chikkaballapura,Chikkaballapura,150,56,91,3,0,0,0,0,0,,
278,KA,Karnataka,KA_Chikkamagaluru,Chikkamagaluru,18,0,18,0,0,0,0,0,0,,
279,KA,Karnataka,KA_Chitradurga,Chitradurga,40,17,23,0,0,0,0,0,0,,
280,KA,Karnataka,KA_Dakshina Kannada,Dakshina Kannada,187,104,76,6,1,3,3,0,0,,
281,KA,Karnataka,KA_Davanagere,Davanagere,203,47,150,6,0,0,0,0,0,,
282,KA,Karnataka,KA_Dharwad,Dharwad,64,27,37,0,0,4,-2,6,0,,
283,KA,Karnataka,KA_Gadag,Gadag,49,14,33,2,0,6,6,0,0,,
284,KA,Karnataka,KA_Hassan,Hassan,211,90,121,0,0,3,-13,16,0,,
285,KA,Karnataka,KA_Haveri,Haveri,22,11,11,0,0,0,-5,5,0,,
286,KA,Karnataka,KA_Kalaburagi,Kalaburagi,759,539,213,7,0,99,52,47,0,,
287,KA,Karnataka,KA_Kodagu,Kodagu,3,2,1,0,0,0,0,0,0,,
288,KA,Karnataka,KA_Kolar,Kolar,30,14,16,0,0,0,0,0,0,,
289,KA,Karnataka,KA_Koppal,Koppal,6,3,3,0,0,1,1,0,0,,
290,KA,Karnataka,KA_Mandya,Mandya,334,112,222,0,0,0,-11,11,0,,
291,KA,Karnataka,KA_Mysuru,Mysuru,97,6,91,0,0,0,0,0,0,,
0,KA,Karnataka,KA_Other State,Other State,34,6,27,1,0,0,0,0,0,,
292,KA,Karnataka,KA_Raichur,Raichur,359,276,82,1,0,0,-29,29,0,,
293,KA,Karnataka,KA_Ramanagara,Ramanagara,5,4,1,0,0,1,1,0,0,,
294,KA,Karnataka,KA_Shivamogga,Shivamogga,69,41,28,0,0,4,4,0,0,,
295,KA,Karnataka,KA_Tumakuru,Tumakuru,33,3,28,2,0,0,-6,6,0,,
296,KA,Karnataka,KA_Udupi,Udupi,947,628,318,1,0,45,-170,215,0,,
297,KA,Karnataka,KA_Uttara Kannada,Uttara Kannada,96,32,64,0,0,0,0,0,0,,
298,KA,Karnataka,KA_Vijayapura,Vijayapura,202,99,97,6,0,0,-29,29,0,,
299,KA,Karnataka,KA_Yadgir,Yadgir,581,488,92,1,0,66,43,23,0,,
0,KL,Kerala,KL_Other State,Other State,2,2,0,0,0,0,0,0,0,,
300,KL,Kerala,KL_Alappuzha,Alappuzha,95,79,15,1,0,5,5,0,0,,
301,KL,Kerala,KL_Ernakulam,Ernakulam,79,40,38,1,0,3,3,0,0,,
302,KL,Kerala,KL_Idukki,Idukki,49,24,25,0,0,0,0,0,0,,
303,KL,Kerala,KL_Kannur,Kannur,265,116,147,2,0,4,2,2,0,,
304,KL,Kerala,KL_Kasaragod,Kasaragod,337,113,224,0,0,8,3,5,0,,
305,KL,Kerala,KL_Kollam,Kollam,124,95,28,1,0,5,5,0,0,,
306,KL,Kerala,KL_Kottayam,Kottayam,73,33,39,1,0,3,3,0,0,,
307,KL,Kerala,KL_Kozhikode,Kozhikode,115,62,52,1,0,13,13,0,0,,
308,KL,Kerala,KL_Malappuram,Malappuram,217,155,59,3,0,14,14,0,0,,
309,KL,Kerala,KL_Palakkad,Palakkad,232,164,67,1,0,1,-1,2,0,,
310,KL,Kerala,KL_Pathanamthitta,Pathanamthitta,105,82,23,0,0,3,3,0,0,,
311,KL,Kerala,KL_Thiruvananthapuram,Thiruvananthapuram,105,70,32,3,0,3,3,0,0,,
312,KL,Kerala,KL_Thrissur,Thrissur,164,122,40,2,0,27,26,0,1,,
313,KL,Kerala,KL_Wayanad,Wayanad,44,18,25,1,0,2,0,2,0,,
314,LA,Ladakh,LA_Kargil,Kargil,54,41,13,0,0,0,0,0,0,,
315,LA,Ladakh,LA_Leh,Leh,49,11,37,1,0,0,0,0,0,,
316,LD,Lakshadweep,LD_Lakshadweep,Lakshadweep,0,0,0,0,0,0,0,0,0,,
369,MH,Maharashtra,MH_Ahmednagar,Ahmednagar,203,94,101,8,0,0,0,0,0,,
370,MH,Maharashtra,MH_Akola,Akola,778,303,439,36,0,0,0,0,0,,
371,MH,Maharashtra,MH_Amravati,Amravati,293,108,167,18,0,0,0,0,0,,
372,MH,Maharashtra,MH_Aurangabad,Aurangabad,1965,684,1189,92,0,0,0,0,0,,
374,MH,Maharashtra,MH_Beed,Beed,55,15,39,1,0,0,0,0,0,,
373,MH,Maharashtra,MH_Bhandara,Bhandara,39,15,24,0,0,0,0,0,0,,
375,MH,Maharashtra,MH_Buldhana,Buldhana,87,36,48,3,0,0,0,0,0,,
376,MH,Maharashtra,MH_Chandrapur,Chandrapur,32,7,25,0,0,0,0,0,0,,
377,MH,Maharashtra,MH_Dhule,Dhule,238,99,118,21,0,0,0,0,0,,
378,MH,Maharashtra,MH_Gadchiroli,Gadchiroli,42,15,27,0,0,0,0,0,0,,
379,MH,Maharashtra,MH_Gondia,Gondia,68,10,58,0,0,0,0,0,0,,
380,MH,Maharashtra,MH_Hingoli,Hingoli,213,50,163,0,0,0,0,0,0,,
381,MH,Maharashtra,MH_Jalgaon,Jalgaon,1049,489,451,109,0,0,0,0,0,,
382,MH,Maharashtra,MH_Jalna,Jalna,188,64,120,4,0,0,0,0,0,,
383,MH,Maharashtra,MH_Kolhapur,Kolhapur,647,304,335,8,0,0,0,0,0,,
384,MH,Maharashtra,MH_Latur,Latur,137,31,102,4,0,0,0,0,0,,
385,MH,Maharashtra,MH_Mumbai,Mumbai,48774,25946,21190,1638,0,0,0,0,0,,
386,MH,Maharashtra,MH_Mumbai Suburban,Mumbai Suburban,0,0,0,0,0,0,0,0,0,,
387,MH,Maharashtra,MH_Nagpur,Nagpur,747,302,434,11,0,0,0,0,0,,
388,MH,Maharashtra,MH_Nanded,Nanded,169,54,108,7,0,0,0,0,0,,
389,MH,Maharashtra,MH_Nandurbar,Nandurbar,40,8,28,4,0,0,0,0,0,,
390,MH,Maharashtra,MH_Nashik,Nashik,1521,405,1027,89,0,0,0,0,0,,
391,MH,Maharashtra,MH_Osmanabad,Osmanabad,124,62,59,3,0,0,0,0,0,,
0,MH,Maharashtra,MH_Other State,Other State,72,53,0,19,0,0,0,0,0,,
392,MH,Maharashtra,MH_Palghar,Palghar,1485,838,607,40,0,0,0,0,0,,
393,MH,Maharashtra,MH_Parbhani,Parbhani,78,29,46,3,0,0,0,0,0,,
394,MH,Maharashtra,MH_Pune,Pune,9705,3783,5516,406,0,0,0,0,0,,
395,MH,Maharashtra,MH_Raigad,Raigad,1441,651,735,55,0,0,0,0,0,,
396,MH,Maharashtra,MH_Ratnagiri,Ratnagiri,354,185,159,10,0,0,0,0,0,,
397,MH,Maharashtra,MH_Sangli,Sangli,150,58,88,4,0,0,0,0,0,,
398,MH,Maharashtra,MH_Satara,Satara,630,294,309,27,0,0,0,0,0,,
399,MH,Maharashtra,MH_Sindhudurg,Sindhudurg,113,95,18,0,0,0,0,0,0,,
400,MH,Maharashtra,MH_Solapur,Solapur,1343,619,620,104,0,0,0,0,0,,
401,MH,Maharashtra,MH_Thane,Thane,13014,7847,4836,331,0,0,0,0,0,,
402,MH,Maharashtra,MH_Wardha,Wardha,11,3,7,1,0,0,0,0,0,,
403,MH,Maharashtra,MH_Washim,Washim,10,2,6,2,0,0,0,0,0,,
404,MH,Maharashtra,MH_Yavatmal,Yavatmal,160,43,115,2,0,0,0,0,0,,
421,ML,Meghalaya,ML_East Garo Hills,East Garo Hills,0,0,0,0,0,0,0,0,0,,
422,ML,Meghalaya,ML_East Jaintia Hills,East Jaintia Hills,0,0,0,0,0,0,0,0,0,,
423,ML,Meghalaya,ML_East Khasi Hills,East Khasi Hills,19,5,13,1,0,0,0,0,0,,
424,ML,Meghalaya,ML_North Garo Hills,North Garo Hills,1,1,0,0,0,0,0,0,0,,
425,ML,Meghalaya,ML_Ribhoi,Ribhoi,0,0,0,0,0,0,0,0,0,,
426,ML,Meghalaya,ML_South Garo Hills,South Garo Hills,0,0,0,0,0,0,0,0,0,,
427,ML,Meghalaya,ML_South West Garo Hills,South West Garo Hills,4,4,0,0,0,0,0,0,0,,
428,ML,Meghalaya,ML_South West Khasi Hills,South West Khasi Hills,0,0,0,0,0,0,0,0,0,,
429,ML,Meghalaya,ML_West Garo Hills,West Garo Hills,5,5,0,0,0,0,0,0,0,,
430,ML,Meghalaya,ML_West Jaintia Hills,West Jaintia Hills,1,1,0,0,0,0,0,0,0,,
431,ML,Meghalaya,ML_West Khasi Hills,West Khasi Hills,1,1,0,0,0,0,0,0,0,,
405,MN,Manipur,MN_Bishnupur,Bishnupur,40,39,1,0,0,36,36,0,0,,
406,MN,Manipur,MN_Chandel,Chandel,2,2,0,0,0,0,0,0,0,,
407,MN,Manipur,MN_Churachandpur,Churachandpur,41,38,3,0,0,12,12,0,0,,
408,MN,Manipur,MN_Imphal East,Imphal East,10,-2,12,0,0,0,0,0,0,,
409,MN,Manipur,MN_Imphal West,Imphal West,42,37,5,0,0,15,15,0,0,,
410,MN,Manipur,MN_Jiribam,Jiribam,0,0,0,0,0,0,0,0,0,,
411,MN,Manipur,MN_Kakching,Kakching,22,22,0,0,0,20,20,0,0,,
412,MN,Manipur,MN_Kamjong,Kamjong,10,8,2,0,0,8,8,0,0,,
413,MN,Manipur,MN_Kangpokpi,Kangpokpi,23,23,0,0,0,1,1,0,0,,
414,MN,Manipur,MN_Noney,Noney,4,3,1,0,0,1,1,0,0,,
415,MN,Manipur,MN_Pherzawl,Pherzawl,3,3,0,0,0,0,0,0,0,,
416,MN,Manipur,MN_Senapati,Senapati,7,7,0,0,0,2,2,0,0,,
417,MN,Manipur,MN_Tamenglong,Tamenglong,5,4,1,0,0,0,0,0,0,,
418,MN,Manipur,MN_Tengnoupal,Tengnoupal,9,9,0,0,0,2,2,0,0,,
419,MN,Manipur,MN_Thoubal,Thoubal,10,6,4,0,0,0,0,0,0,,
420,MN,Manipur,MN_Ukhrul,Ukhrul,13,11,2,0,0,3,3,0,0,,
317,MP,Madhya Pradesh,MP_Agar Malwa,Agar Malwa,15,2,12,1,0,0,0,0,0,,
318,MP,Madhya Pradesh,MP_Alirajpur,Alirajpur,3,0,3,0,0,0,0,0,0,,
319,MP,Madhya Pradesh,MP_Anuppur,Anuppur,24,19,5,0,0,1,1,0,0,,
320,MP,Madhya Pradesh,MP_Ashoknagar,Ashoknagar,16,4,11,1,0,3,3,0,0,,
321,MP,Madhya Pradesh,MP_Balaghat,Balaghat,7,2,5,0,0,0,-3,3,0,,
322,MP,Madhya Pradesh,MP_Barwani,Barwani,59,10,48,1,0,1,1,0,0,,
323,MP,Madhya Pradesh,MP_Betul,Betul,35,9,26,0,0,0,-3,3,0,,
324,MP,Madhya Pradesh,MP_Bhind,Bhind,104,71,33,0,0,14,14,0,0,,
325,MP,Madhya Pradesh,MP_Bhopal,Bhopal,1822,449,1309,64,0,50,-10,60,0,,
326,MP,Madhya Pradesh,MP_Burhanpur,Burhanpur,359,69,272,18,0,28,28,0,0,,
327,MP,Madhya Pradesh,MP_Chhatarpur,Chhatarpur,41,14,27,0,0,5,-2,7,0,,
328,MP,Madhya Pradesh,MP_Chhindwara,Chhindwara,18,13,4,1,0,2,2,0,0,,
329,MP,Madhya Pradesh,MP_Damoh,Damoh,26,8,18,0,0,0,0,0,0,,
330,MP,Madhya Pradesh,MP_Datia,Datia,11,4,6,1,0,0,0,0,0,,
331,MP,Madhya Pradesh,MP_Dewas,Dewas,132,49,74,9,0,3,3,0,0,,
332,MP,Madhya Pradesh,MP_Dhar,Dhar,128,5,119,4,0,0,-2,2,0,,
333,MP,Madhya Pradesh,MP_Dindori,Dindori,29,24,5,0,0,0,0,0,0,,
335,MP,Madhya Pradesh,MP_Guna,Guna,7,5,2,0,0,0,0,0,0,,
336,MP,Madhya Pradesh,MP_Gwalior,Gwalior,211,94,115,2,0,13,13,0,0,,
337,MP,Madhya Pradesh,MP_Harda,Harda,3,0,3,0,0,0,0,0,0,,
338,MP,Madhya Pradesh,MP_Hoshangabad,Hoshangabad,37,0,34,3,0,0,0,0,0,,
339,MP,Madhya Pradesh,MP_Indore,Indore,3785,1174,2454,157,0,36,-29,64,1,,
340,MP,Madhya Pradesh,MP_Jabalpur,Jabalpur,272,51,211,10,0,0,-11,11,0,,
341,MP,Madhya Pradesh,MP_Jhabua,Jhabua,13,0,12,1,0,0,0,0,0,,
342,MP,Madhya Pradesh,MP_Katni,Katni,3,3,0,0,0,0,0,0,0,,
334,MP,Madhya Pradesh,MP_Khandwa,Khandwa,271,30,224,17,0,7,3,4,0,,
368,MP,Madhya Pradesh,MP_Khargone,Khargone,198,57,128,13,0,4,1,3,0,,
343,MP,Madhya Pradesh,MP_Mandla,Mandla,5,3,1,1,0,0,0,0,0,,
344,MP,Madhya Pradesh,MP_Mandsaur,Mandsaur,95,3,83,9,0,1,0,1,0,,
345,MP,Madhya Pradesh,MP_Morena,Morena,126,33,92,1,0,9,4,5,0,,
346,MP,Madhya Pradesh,MP_Narsinghpur,Narsinghpur,17,13,4,0,0,0,-1,1,0,,
347,MP,Madhya Pradesh,MP_Neemuch,Neemuch,340,138,197,5,0,24,21,3,0,,
348,MP,Madhya Pradesh,MP_Niwari,Niwari,0,0,0,0,0,0,0,0,0,,
0,MP,Madhya Pradesh,MP_Other Region,Other Region,0,0,0,0,0,0,0,0,0,,
349,MP,Madhya Pradesh,MP_Panna,Panna,21,6,15,0,0,1,-4,5,0,,
350,MP,Madhya Pradesh,MP_Raisen,Raisen,72,4,65,3,0,1,1,0,0,,
351,MP,Madhya Pradesh,MP_Rajgarh,Rajgarh,28,18,7,3,0,8,8,0,0,,
352,MP,Madhya Pradesh,MP_Ratlam,Ratlam,61,25,32,4,0,8,7,1,0,,
353,MP,Madhya Pradesh,MP_Rewa,Rewa,36,2,34,0,0,0,-3,3,0,,
354,MP,Madhya Pradesh,MP_Sagar,Sagar,229,75,142,12,0,2,1,0,1,,
355,MP,Madhya Pradesh,MP_Satna,Satna,22,1,19,2,0,0,0,0,0,,
356,MP,Madhya Pradesh,MP_Sehore,Sehore,11,5,4,2,0,0,0,0,0,,
357,MP,Madhya Pradesh,MP_Seoni,Seoni,2,0,2,0,0,0,0,0,0,,
358,MP,Madhya Pradesh,MP_Shahdol,Shahdol,13,6,7,0,0,0,0,0,0,,
359,MP,Madhya Pradesh,MP_Shajapur,Shajapur,38,29,8,1,0,0,0,0,0,,
360,MP,Madhya Pradesh,MP_Sheopur,Sheopur,48,40,6,2,0,3,3,0,0,,
361,MP,Madhya Pradesh,MP_Shivpuri,Shivpuri,17,9,8,0,0,1,1,0,0,,
362,MP,Madhya Pradesh,MP_Sidhi,Sidhi,17,5,12,0,0,0,-6,6,0,,
363,MP,Madhya Pradesh,MP_Singrauli,Singrauli,12,1,11,0,0,0,-4,4,0,,
364,MP,Madhya Pradesh,MP_Tikamgarh,Tikamgarh,15,7,7,1,0,0,0,0,0,,
365,MP,Madhya Pradesh,MP_Ujjain,Ujjain,737,75,598,64,0,12,-7,19,0,,
366,MP,Madhya Pradesh,MP_Umaria,Umaria,10,7,2,1,0,0,0,0,0,,
367,MP,Madhya Pradesh,MP_Vidisha,Vidisha,37,17,20,0,0,0,0,0,0,,
432,MZ,Mizoram,MZ_Aizawl,Aizawl,21,20,1,0,0,0,0,0,0,,
433,MZ,Mizoram,MZ_Champhai,Champhai,5,5,0,0,0,5,5,0,0,,
729,MZ,Mizoram,MZ_Hnahthial,Hnahthial,0,0,0,0,0,0,0,0,0,,
730,MZ,Mizoram,MZ_Khawzawl,Khawzawl,2,2,0,0,0,2,2,0,0,,
434,MZ,Mizoram,MZ_Kolasib,Kolasib,0,0,0,0,0,0,0,0,0,,
435,MZ,Mizoram,MZ_Lawngtlai,Lawngtlai,2,2,0,0,0,0,0,0,0,,
436,MZ,Mizoram,MZ_Lunglei,Lunglei,2,2,0,0,0,0,0,0,0,,
437,MZ,Mizoram,MZ_Mamit,Mamit,8,8,0,0,0,0,0,0,0,,
438,MZ,Mizoram,MZ_Saiha,Saiha,1,1,0,0,0,1,1,0,0,,
728,MZ,Mizoram,MZ_Saitual,Saitual,1,1,0,0,0,0,0,0,0,,
439,MZ,Mizoram,MZ_Serchhip,Serchhip,0,0,0,0,0,0,0,0,0,,
440,NL,Nagaland,NL_Dimapur,Dimapur,12,4,8,0,0,-8,-8,0,0,,
441,NL,Nagaland,NL_Kiphire,Kiphire,4,4,0,0,0,0,0,0,0,,
442,NL,Nagaland,NL_Kohima,Kohima,6,6,0,0,0,3,3,0,0,,
443,NL,Nagaland,NL_Longleng,Longleng,0,0,0,0,0,0,0,0,0,,
444,NL,Nagaland,NL_Mokokchung,Mokokchung,0,0,0,0,0,0,0,0,0,,
445,NL,Nagaland,NL_Mon,Mon,23,23,0,0,0,0,0,0,0,,
446,NL,Nagaland,NL_Peren,Peren,62,62,0,0,0,9,9,0,0,,
447,NL,Nagaland,NL_Phek,Phek,1,1,0,0,0,0,0,0,0,,
448,NL,Nagaland,NL_Tuensang,Tuensang,8,8,0,0,0,1,1,0,0,,
449,NL,Nagaland,NL_Wokha,Wokha,5,5,0,0,0,0,0,0,0,,
450,NL,Nagaland,NL_Zunheboto,Zunheboto,1,1,0,0,0,1,1,0,0,,
451,OR,Odisha,OR_Angul,Angul,33,8,25,0,0,0,0,0,0,,
452,OR,Odisha,OR_Balangir,Balangir,122,60,62,0,0,1,-5,6,0,,
453,OR,Odisha,OR_Balasore,Balasore,190,39,150,1,0,0,-6,6,0,,
454,OR,Odisha,OR_Bargarh,Bargarh,16,8,8,0,0,0,-6,6,0,,
456,OR,Odisha,OR_Bhadrak,Bhadrak,151,28,123,0,0,11,11,0,0,,
455,OR,Odisha,OR_Boudh,Boudh,34,1,33,0,0,0,0,0,0,,
457,OR,Odisha,OR_Cuttack,Cuttack,187,93,93,1,0,15,8,7,0,,
458,OR,Odisha,OR_Deogarh,Deogarh,33,1,32,0,0,0,-8,8,0,,
459,OR,Odisha,OR_Dhenkanal,Dhenkanal,38,23,15,0,0,3,3,0,0,,
460,OR,Odisha,OR_Gajapati,Gajapati,61,28,33,0,0,0,0,0,0,,
461,OR,Odisha,OR_Ganjam,Ganjam,631,208,419,4,0,33,24,9,0,,
462,OR,Odisha,OR_Jagatsinghpur,Jagatsinghpur,89,32,57,0,0,0,-7,7,0,,
463,OR,Odisha,OR_Jajpur,Jajpur,325,56,269,0,0,6,-10,16,0,,
464,OR,Odisha,OR_Jharsuguda,Jharsuguda,8,1,7,0,0,0,0,0,0,,
465,OR,Odisha,OR_Kalahandi,Kalahandi,29,14,15,0,0,2,2,0,0,,
466,OR,Odisha,OR_Kandhamal,Kandhamal,35,13,22,0,0,10,10,0,0,,
467,OR,Odisha,OR_Kendrapara,Kendrapara,167,14,153,0,0,1,-10,11,0,,
468,OR,Odisha,OR_Kendujhar,Kendujhar,43,21,22,0,0,10,6,4,0,,
469,OR,Odisha,OR_Khordha,Khordha,257,106,146,5,0,13,0,13,0,,
470,OR,Odisha,OR_Koraput,Koraput,16,8,8,0,0,0,-1,1,0,,
471,OR,Odisha,OR_Malkangiri,Malkangiri,21,0,21,0,0,0,0,0,0,,
472,OR,Odisha,OR_Mayurbhanj,Mayurbhanj,76,60,16,0,0,6,6,0,0,,
473,OR,Odisha,OR_Nabarangapur,Nabarangapur,2,0,2,0,0,0,0,0,0,,
474,OR,Odisha,OR_Nayagarh,Nayagarh,90,22,68,0,0,3,0,3,0,,
475,OR,Odisha,OR_Nuapada,Nuapada,72,36,36,0,0,3,3,0,0,,
476,OR,Odisha,OR_Puri,Puri,108,23,85,0,0,7,7,0,0,,
477,OR,Odisha,OR_Rayagada,Rayagada,3,3,0,0,0,1,1,0,0,,
478,OR,Odisha,OR_Sambalpur,Sambalpur,17,8,9,0,0,1,0,1,0,,
479,OR,Odisha,OR_Subarnapur,Subarnapur,29,22,7,0,0,0,0,0,0,,
480,OR,Odisha,OR_Sundargarh,Sundargarh,111,54,57,0,0,12,11,1,0,,
485,PB,Punjab,PB_Amritsar,Amritsar,481,128,344,9,0,12,11,0,1,,
486,PB,Punjab,PB_Barnala,Barnala,26,4,21,1,0,0,0,0,0,,
487,PB,Punjab,PB_Bathinda,Bathinda,55,10,45,0,0,0,0,0,0,,
488,PB,Punjab,PB_Faridkot,Faridkot,74,13,61,0,0,2,2,0,0,,
489,PB,Punjab,PB_Fatehgarh Sahib,Fatehgarh Sahib,70,12,58,0,0,0,-1,1,0,,
490,PB,Punjab,PB_Fazilka,Fazilka,48,5,43,0,0,1,0,1,0,,
491,PB,Punjab,PB_Ferozepur,Ferozepur,46,0,45,1,0,0,0,0,0,,
492,PB,Punjab,PB_Gurdaspur,Gurdaspur,152,17,132,3,0,1,1,0,0,,
493,PB,Punjab,PB_Hoshiarpur,Hoshiarpur,135,14,116,5,0,0,0,0,0,,
494,PB,Punjab,PB_Jalandhar,Jalandhar,307,69,230,8,0,14,4,10,0,,
495,PB,Punjab,PB_Kapurthala,Kapurthala,40,4,33,3,0,0,0,0,0,,
496,PB,Punjab,PB_Ludhiana,Ludhiana,251,81,160,10,0,9,4,5,0,,
497,PB,Punjab,PB_Mansa,Mansa,34,2,32,0,0,0,0,0,0,,
498,PB,Punjab,PB_Moga,Moga,67,3,64,0,0,1,1,0,0,,
499,PB,Punjab,PB_Pathankot,Pathankot,91,33,54,4,0,3,-1,4,0,,
500,PB,Punjab,PB_Patiala,Patiala,138,25,110,3,0,5,3,1,1,,
501,PB,Punjab,PB_Rupnagar,Rupnagar,71,11,59,1,0,0,0,0,0,,
502,PB,Punjab,PB_S.A.S. Nagar,S.A.S. Nagar,128,20,105,3,0,3,2,1,0,,
503,PB,Punjab,PB_Sangrur,Sangrur,111,15,96,0,0,2,2,0,0,,
504,PB,Punjab,PB_Shahid Bhagat Singh Nagar,Shahid Bhagat Singh Nagar,109,8,100,1,0,2,3,-1,0,,
505,PB,Punjab,PB_Sri Muktsar Sahib,Sri Muktsar Sahib,70,4,66,0,0,0,0,0,0,,
506,PB,Punjab,PB_Tarn Taran,Tarn Taran,159,4,154,1,0,0,0,0,0,,
481,PY,Puducherry,PY_Karaikal,Karaikal,2,0,2,0,0,0,0,0,0,,
482,PY,Puducherry,PY_Mahe,Mahe,5,1,4,0,0,1,1,0,0,,
483,PY,Puducherry,PY_Puducherry,Puducherry,121,74,47,0,0,8,4,4,0,,
484,PY,Puducherry,PY_Yanam,Yanam,0,0,0,0,0,0,0,0,0,,
507,RJ,Rajasthan,RJ_Ajmer,Ajmer,368,46,313,9,0,3,0,3,0,,
508,RJ,Rajasthan,RJ_Alwar,Alwar,150,96,52,2,0,67,67,0,0,,
509,RJ,Rajasthan,RJ_Banswara,Banswara,89,4,83,2,0,3,3,0,0,,
510,RJ,Rajasthan,RJ_Baran,Baran,60,25,32,3,0,1,-23,24,0,,
511,RJ,Rajasthan,RJ_Barmer,Barmer,106,22,84,0,0,0,0,0,0,,
512,RJ,Rajasthan,RJ_Bharatpur,Bharatpur,732,481,243,8,0,60,5,54,1,,
513,RJ,Rajasthan,RJ_Bhilwara,Bhilwara,176,48,125,3,0,6,6,0,0,,
514,RJ,Rajasthan,RJ_Bikaner,Bikaner,112,24,84,4,0,2,2,0,0,,
0,RJ,Rajasthan,RJ_BSF Camp,BSF Camp,50,0,50,0,0,0,0,0,0,,
515,RJ,Rajasthan,RJ_Bundi,Bundi,7,7,0,0,0,2,2,0,0,,
516,RJ,Rajasthan,RJ_Chittorgarh,Chittorgarh,198,24,170,4,0,3,2,1,0,,
517,RJ,Rajasthan,RJ_Churu,Churu,154,66,87,1,0,0,0,0,0,,
518,RJ,Rajasthan,RJ_Dausa,Dausa,69,19,49,1,0,0,-3,3,0,,
519,RJ,Rajasthan,RJ_Dholpur,Dholpur,69,8,60,1,0,0,-9,9,0,,
520,RJ,Rajasthan,RJ_Dungarpur,Dungarpur,380,57,323,0,0,6,-13,19,0,,
0,RJ,Rajasthan,RJ_Evacuees,Evacuees,61,0,61,0,0,0,0,0,0,,
521,RJ,Rajasthan,RJ_Ganganagar,Ganganagar,9,3,6,0,0,1,1,0,0,,
522,RJ,Rajasthan,RJ_Hanumangarh,Hanumangarh,30,2,28,0,0,0,-7,7,0,,
0,RJ,Rajasthan,RJ_Italians,Italians,2,0,2,0,0,0,0,0,0,,
523,RJ,Rajasthan,RJ_Jaipur,Jaipur,2260,286,1859,115,0,34,10,21,3,,
524,RJ,Rajasthan,RJ_Jaisalmer,Jaisalmer,74,7,67,0,0,0,0,0,0,,
525,RJ,Rajasthan,RJ_Jalore,Jalore,170,13,155,2,0,1,-4,5,0,,
526,RJ,Rajasthan,RJ_Jhalawar,Jhalawar,329,92,237,0,0,2,2,0,0,,
527,RJ,Rajasthan,RJ_Jhunjhunu,Jhunjhunu,163,15,147,1,0,2,-10,12,0,,
528,RJ,Rajasthan,RJ_Jodhpur,Jodhpur,1879,519,1337,23,0,36,-26,60,2,,
529,RJ,Rajasthan,RJ_Karauli,Karauli,29,13,13,3,0,0,-2,2,0,,
530,RJ,Rajasthan,RJ_Kota,Kota,524,62,444,18,0,12,-32,44,0,,
531,RJ,Rajasthan,RJ_Nagaur,Nagaur,503,78,416,9,0,0,-14,14,0,,
0,RJ,Rajasthan,RJ_Other State,Other State,38,25,0,13,0,4,4,0,0,,
532,RJ,Rajasthan,RJ_Pali,Pali,602,164,431,7,0,11,-37,48,0,,
533,RJ,Rajasthan,RJ_Pratapgarh,Pratapgarh,14,0,13,1,0,0,-1,1,0,,
534,RJ,Rajasthan,RJ_Rajsamand,Rajsamand,162,24,137,1,0,0,-7,7,0,,
535,RJ,Rajasthan,RJ_Sawai Madhopur,Sawai Madhopur,44,22,17,5,0,4,4,0,0,,
536,RJ,Rajasthan,RJ_Sikar,Sikar,291,93,193,5,0,7,-2,9,0,,
537,RJ,Rajasthan,RJ_Sirohi,Sirohi,210,98,109,3,0,10,2,8,0,,
538,RJ,Rajasthan,RJ_Tonk,Tonk,175,11,163,1,0,0,0,0,0,,
539,RJ,Rajasthan,RJ_Udaipur,Udaipur,587,66,520,1,0,0,-5,5,0,,
540,SK,Sikkim,SK_East Sikkim,East Sikkim,3,3,0,0,0,0,0,0,0,,
541,SK,Sikkim,SK_North Sikkim,North Sikkim,0,0,0,0,0,0,0,0,0,,
542,SK,Sikkim,SK_South Sikkim,South Sikkim,1,1,0,0,0,0,0,0,0,,
543,SK,Sikkim,SK_West Sikkim,West Sikkim,0,0,0,0,0,0,0,0,0,,
0,TG,Telangana,TG_Foreign Evacuees,Foreign Evacuees,33,33,0,0,0,0,0,0,0,,
0,TG,Telangana,TG_Other State,Other State,250,250,0,0,0,0,0,0,0,,
576,TG,Telangana,TG_Adilabad,Adilabad,30,15,15,0,0,0,0,0,0,,
577,TG,Telangana,TG_Bhadradri Kothagudem,Bhadradri Kothagudem,5,1,4,0,0,0,0,0,0,,
578,TG,Telangana,TG_Hyderabad,Hyderabad,2228,1900,305,23,0,0,0,0,0,,
579,TG,Telangana,TG_Jagtial,Jagtial,12,10,2,0,0,0,0,0,0,,
580,TG,Telangana,TG_Jangaon,Jangaon,6,5,1,0,0,0,0,0,0,,
581,TG,Telangana,TG_Jayashankar Bhupalapally,Jayashankar Bhupalapally,3,3,0,0,0,0,0,0,0,,
582,TG,Telangana,TG_Jogulamba Gadwal,Jogulamba Gadwal,46,20,25,1,0,0,0,0,0,,
583,TG,Telangana,TG_Kamareddy,Kamareddy,13,5,8,0,0,0,0,0,0,,
584,TG,Telangana,TG_Karimnagar,Karimnagar,23,7,16,0,0,0,0,0,0,,
585,TG,Telangana,TG_Khammam,Khammam,20,17,3,0,0,0,0,0,0,,
586,TG,Telangana,TG_Komaram Bheem,Komaram Bheem,13,11,2,0,0,0,0,0,0,,
587,TG,Telangana,TG_Mahabubabad,Mahabubabad,4,3,1,0,0,0,0,0,0,,
588,TG,Telangana,TG_Mahabubnagar,Mahabubnagar,27,19,8,0,0,0,0,0,0,,
589,TG,Telangana,TG_Mancherial,Mancherial,4,3,0,1,0,0,0,0,0,,
590,TG,Telangana,TG_Medak,Medak,12,8,4,0,0,0,0,0,0,,
591,TG,Telangana,TG_Medchal Malkajgiri,Medchal Malkajgiri,75,65,9,1,0,0,0,0,0,,
592,TG,Telangana,TG_Mulugu,Mulugu,2,0,2,0,0,0,0,0,0,,
593,TG,Telangana,TG_Nagarkurnool,Nagarkurnool,6,4,2,0,0,0,0,0,0,,
594,TG,Telangana,TG_Nalgonda,Nalgonda,23,11,12,0,0,0,0,0,0,,
595,TG,Telangana,TG_Narayanpet,Narayanpet,2,1,0,1,0,0,0,0,0,,
596,TG,Telangana,TG_Nirmal,Nirmal,26,13,13,0,0,0,0,0,0,,
597,TG,Telangana,TG_Nizamabad,Nizamabad,62,32,30,0,0,0,0,0,0,,
598,TG,Telangana,TG_Peddapalli,Peddapalli,3,2,1,0,0,0,0,0,0,,
599,TG,Telangana,TG_Rajanna Sircilla,Rajanna Sircilla,5,3,2,0,0,0,0,0,0,,
600,TG,Telangana,TG_Ranga Reddy,Ranga Reddy,167,148,17,2,0,0,0,0,0,,
601,TG,Telangana,TG_Sangareddy,Sangareddy,21,15,6,0,0,0,0,0,0,,
602,TG,Telangana,TG_Siddipet,Siddipet,3,2,1,0,0,0,0,0,0,,
603,TG,Telangana,TG_Suryapet,Suryapet,86,62,24,0,0,0,0,0,0,,
604,TG,Telangana,TG_Vikarabad,Vikarabad,40,24,15,1,0,0,0,0,0,,
605,TG,Telangana,TG_Wanaparthy,Wanaparthy,1,1,0,0,0,0,0,0,0,,
606,TG,Telangana,TG_Warangal Rural,Warangal Rural,0,0,0,0,0,0,0,0,0,,
607,TG,Telangana,TG_Warangal Urban,Warangal Urban,33,10,23,0,0,0,0,0,0,,
608,TG,Telangana,TG_Yadadri Bhuvanagiri,Yadadri Bhuvanagiri,9,9,0,0,0,0,0,0,0,,
0,TN,Tamil Nadu,TN_Railway Quarantine,Railway Quarantine,266,205,61,0,0,6,4,2,0,,
0,TN,Tamil Nadu,TN_Airport Quarantine,Airport Quarantine,193,120,72,1,0,13,11,2,0,,
0,TN,Tamil Nadu,TN_Other State,Other State,0,-3,0,3,0,0,0,0,0,,
544,TN,Tamil Nadu,TN_Ariyalur,Ariyalur,381,20,361,0,0,1,0,1,0,,
732,TN,Tamil Nadu,TN_Chengalpattu,Chengalpattu,1988,1185,788,15,0,134,131,3,0,,
545,TN,Tamil Nadu,TN_Chennai,Chennai,23298,11817,11256,225,0,1149,835,302,12,,
546,TN,Tamil Nadu,TN_Coimbatore,Coimbatore,161,13,147,1,0,0,-2,2,0,,
547,TN,Tamil Nadu,TN_Cuddalore,Cuddalore,491,39,451,1,0,10,2,8,0,,
548,TN,Tamil Nadu,TN_Dharmapuri,Dharmapuri,18,10,8,0,0,5,5,0,0,,
549,TN,Tamil Nadu,TN_Dindigul,Dindigul,176,50,124,2,0,9,9,0,0,,
550,TN,Tamil Nadu,TN_Erode,Erode,75,4,70,1,0,2,2,0,0,,
734,TN,Tamil Nadu,TN_Kallakurichi,Kallakurichi,292,58,234,0,0,20,-61,81,0,,
551,TN,Tamil Nadu,TN_Kancheepuram,Kancheepuram,534,209,321,4,0,18,12,5,1,,
552,TN,Tamil Nadu,TN_Kanyakumari,Kanyakumari,94,34,59,1,0,7,7,0,0,,
553,TN,Tamil Nadu,TN_Karur,Karur,87,9,78,0,0,0,0,0,0,,
554,TN,Tamil Nadu,TN_Krishnagiri,Krishnagiri,37,16,21,0,0,0,0,0,0,,
555,TN,Tamil Nadu,TN_Madurai,Madurai,317,74,240,3,0,5,0,5,0,,
556,TN,Tamil Nadu,TN_Nagapattinam,Nagapattinam,81,30,51,0,0,5,5,0,0,,
557,TN,Tamil Nadu,TN_Namakkal,Namakkal,85,7,77,1,0,0,0,0,0,,
564,TN,Tamil Nadu,TN_Nilgiris,Nilgiris,14,0,14,0,0,0,0,0,0,,
558,TN,Tamil Nadu,TN_Perambalur,Perambalur,143,2,141,0,0,0,-1,1,0,,
559,TN,Tamil Nadu,TN_Pudukkottai,Pudukkottai,36,12,23,1,0,3,0,3,0,,
560,TN,Tamil Nadu,TN_Ramanathapuram,Ramanathapuram,112,39,72,1,0,6,-8,14,0,,
733,TN,Tamil Nadu,TN_Ranipet,Ranipet,138,43,94,1,0,8,7,0,1,,
561,TN,Tamil Nadu,TN_Salem,Salem,221,71,150,0,0,5,2,3,0,,
562,TN,Tamil Nadu,TN_Sivaganga,Sivaganga,42,10,32,0,0,7,5,2,0,,
731,TN,Tamil Nadu,TN_Tenkasi,Tenkasi,106,18,88,0,0,3,0,3,0,,
563,TN,Tamil Nadu,TN_Thanjavur,Thanjavur,117,28,89,0,0,4,3,1,0,,
565,TN,Tamil Nadu,TN_Theni,Theni,126,19,105,2,0,2,2,0,0,,
566,TN,Tamil Nadu,TN_Thiruvallur,Thiruvallur,1386,640,732,14,0,57,5,50,2,,
567,TN,Tamil Nadu,TN_Thiruvarur,Thiruvarur,62,17,45,0,0,3,2,1,0,,
568,TN,Tamil Nadu,TN_Thoothukkudi,Thoothukkudi,355,154,199,2,0,26,19,7,0,,
569,TN,Tamil Nadu,TN_Tiruchirappalli,Tiruchirappalli,116,14,101,1,0,0,-14,14,0,,
570,TN,Tamil Nadu,TN_Tirunelveli,Tirunelveli,390,45,344,1,0,4,1,3,0,,
735,TN,Tamil Nadu,TN_Tirupathur,Tirupathur,42,11,31,0,0,0,0,0,0,,
571,TN,Tamil Nadu,TN_Tiruppur,Tiruppur,114,0,114,0,0,0,0,0,0,,
572,TN,Tamil Nadu,TN_Tiruvannamalai,Tiruvannamalai,503,249,252,2,0,11,-1,12,0,,
573,TN,Tamil Nadu,TN_Vellore,Vellore,95,54,38,3,0,31,31,0,0,,
574,TN,Tamil Nadu,TN_Viluppuram,Viluppuram,384,54,327,3,0,4,1,2,1,,
575,TN,Tamil Nadu,TN_Virudhunagar,Virudhunagar,153,36,117,0,0,4,3,1,0,,
609,TR,Tripura,TR_Dhalai,Dhalai,199,35,164,0,0,0,0,0,0,,
610,TR,Tripura,TR_Gomati,Gomati,92,87,5,0,0,0,0,0,0,,
611,TR,Tripura,TR_Khowai,Khowai,26,22,4,0,0,0,0,0,0,,
612,TR,Tripura,TR_North Tripura,North Tripura,14,10,4,0,0,0,0,0,0,,
613,TR,Tripura,TR_Sipahijala,Sipahijala,330,325,5,0,0,38,38,0,0,,
614,TR,Tripura,TR_South Tripura,South Tripura,68,66,2,0,0,0,0,0,0,,
615,TR,Tripura,TR_Unokoti,Unokoti,50,49,1,0,0,0,0,0,0,,
616,TR,Tripura,TR_West Tripura,West Tripura,61,54,7,0,0,0,0,0,0,,
617,UP,Uttar Pradesh,UP_Agra,Agra,972,120,800,52,0,16,9,5,2,,
618,UP,Uttar Pradesh,UP_Aligarh,Aligarh,213,97,100,16,0,13,12,1,0,,
619,UP,Uttar Pradesh,UP_Ambedkar Nagar,Ambedkar Nagar,93,44,46,3,0,8,1,7,0,,
620,UP,Uttar Pradesh,UP_Amethi,Amethi,202,124,78,0,0,2,-5,7,0,,
621,UP,Uttar Pradesh,UP_Amroha,Amroha,69,13,55,1,0,1,1,0,0,,
622,UP,Uttar Pradesh,UP_Auraiya,Auraiya,49,21,26,2,0,4,1,2,1,,
765,UP,Uttar Pradesh,UP_Ayodhya,Ayodhya,140,46,90,4,0,2,-11,12,1,,
623,UP,Uttar Pradesh,UP_Azamgarh,Azamgarh,156,119,34,3,0,2,1,1,0,,
624,UP,Uttar Pradesh,UP_Baghpat,Baghpat,100,71,28,1,0,8,8,0,0,,
625,UP,Uttar Pradesh,UP_Bahraich,Bahraich,105,34,71,0,0,5,5,0,0,,
626,UP,Uttar Pradesh,UP_Ballia,Ballia,58,31,27,0,0,0,0,0,0,,
627,UP,Uttar Pradesh,UP_Balrampur,Balrampur,47,10,36,1,0,0,-1,1,0,,
628,UP,Uttar Pradesh,UP_Banda,Banda,27,2,24,1,0,0,0,0,0,,
629,UP,Uttar Pradesh,UP_Barabanki,Barabanki,179,38,140,1,0,0,-2,2,0,,
630,UP,Uttar Pradesh,UP_Bareilly,Bareilly,73,35,36,2,0,5,5,0,0,,
631,UP,Uttar Pradesh,UP_Basti,Basti,237,123,110,4,0,3,-19,22,0,,
632,UP,Uttar Pradesh,UP_Bhadohi,Bhadohi,74,59,15,0,0,0,0,0,0,,
633,UP,Uttar Pradesh,UP_Bijnor,Bijnor,164,92,70,2,0,8,5,3,0,,
634,UP,Uttar Pradesh,UP_Budaun,Budaun,45,7,37,1,0,0,1,-1,0,,
635,UP,Uttar Pradesh,UP_Bulandshahr,Bulandshahr,235,125,105,5,0,28,24,4,0,,
636,UP,Uttar Pradesh,UP_Chandauli,Chandauli,30,13,16,1,0,0,-1,1,0,,
637,UP,Uttar Pradesh,UP_Chitrakoot,Chitrakoot,64,35,27,2,0,0,-1,1,0,,
638,UP,Uttar Pradesh,UP_Deoria,Deoria,133,86,46,1,0,0,0,0,0,,
639,UP,Uttar Pradesh,UP_Etah,Etah,51,29,18,4,0,0,0,0,0,,
640,UP,Uttar Pradesh,UP_Etawah,Etawah,88,48,39,1,0,6,5,1,0,,
642,UP,Uttar Pradesh,UP_Farrukhabad,Farrukhabad,54,30,23,1,0,0,-2,2,0,,
643,UP,Uttar Pradesh,UP_Fatehpur,Fatehpur,69,30,39,0,0,0,-1,1,0,,
644,UP,Uttar Pradesh,UP_Firozabad,Firozabad,319,77,224,18,0,3,2,1,0,,
645,UP,Uttar Pradesh,UP_Gautam Buddha Nagar,Gautam Buddha Nagar,699,308,383,8,0,59,33,26,0,,
646,UP,Uttar Pradesh,UP_Ghaziabad,Ghaziabad,490,206,275,9,0,41,39,2,0,,
647,UP,Uttar Pradesh,UP_Ghazipur,Ghazipur,162,82,80,0,0,0,-10,10,0,,
648,UP,Uttar Pradesh,UP_Gonda,Gonda,86,34,52,0,0,0,0,0,0,,
649,UP,Uttar Pradesh,UP_Gorakhpur,Gorakhpur,141,96,37,8,0,11,10,0,1,,
650,UP,Uttar Pradesh,UP_Hamirpur,Hamirpur,12,7,5,0,0,3,3,0,0,,
651,UP,Uttar Pradesh,UP_Hapur,Hapur,191,98,91,2,0,19,17,2,0,,
652,UP,Uttar Pradesh,UP_Hardoi,Hardoi,116,80,36,0,0,8,8,0,0,,
653,UP,Uttar Pradesh,UP_Hathras,Hathras,42,19,22,1,0,6,6,0,0,,
654,UP,Uttar Pradesh,UP_Jalaun,Jalaun,60,16,41,3,0,11,11,0,0,,
655,UP,Uttar Pradesh,UP_Jaunpur,Jaunpur,285,163,119,3,0,0,0,0,0,,
656,UP,Uttar Pradesh,UP_Jhansi,Jhansi,54,18,30,6,0,3,1,2,0,,
657,UP,Uttar Pradesh,UP_Kannauj,Kannauj,103,64,39,0,0,7,2,5,0,,
658,UP,Uttar Pradesh,UP_Kanpur Dehat,Kanpur Dehat,33,23,9,1,0,2,1,1,0,,
659,UP,Uttar Pradesh,UP_Kanpur Nagar,Kanpur Nagar,540,207,317,16,0,24,23,0,1,,
660,UP,Uttar Pradesh,UP_Kasganj,Kasganj,24,9,15,0,0,0,0,0,0,,
661,UP,Uttar Pradesh,UP_Kaushambi,Kaushambi,50,3,47,0,0,0,0,0,0,,
663,UP,Uttar Pradesh,UP_Kushinagar,Kushinagar,54,45,7,2,0,0,0,0,0,,
662,UP,Uttar Pradesh,UP_Lakhimpur Kheri,Lakhimpur Kheri,76,17,59,0,0,0,0,0,0,,
664,UP,Uttar Pradesh,UP_Lalitpur,Lalitpur,3,2,0,1,0,0,0,0,0,,
665,UP,Uttar Pradesh,UP_Lucknow,Lucknow,468,137,326,5,0,16,15,1,0,,
667,UP,Uttar Pradesh,UP_Maharajganj,Maharajganj,85,49,35,1,0,1,0,1,0,,
666,UP,Uttar Pradesh,UP_Mahoba,Mahoba,19,9,9,1,0,4,3,1,0,,
668,UP,Uttar Pradesh,UP_Mainpuri,Mainpuri,84,54,28,2,0,6,6,0,0,,
669,UP,Uttar Pradesh,UP_Mathura,Mathura,105,30,69,6,0,6,1,5,0,,
670,UP,Uttar Pradesh,UP_Mau,Mau,62,42,19,1,0,0,-7,7,0,,
671,UP,Uttar Pradesh,UP_Meerut,Meerut,541,141,362,38,0,21,19,2,0,,
672,UP,Uttar Pradesh,UP_Mirzapur,Mirzapur,38,16,22,0,0,0,0,0,0,,
673,UP,Uttar Pradesh,UP_Moradabad,Moradabad,271,77,183,11,0,6,1,5,0,,
674,UP,Uttar Pradesh,UP_Muzaffarnagar,Muzaffarnagar,128,77,50,1,0,3,3,0,0,,
675,UP,Uttar Pradesh,UP_Pilibhit,Pilibhit,53,9,44,0,0,1,1,0,0,,
676,UP,Uttar Pradesh,UP_Pratapgarh,Pratapgarh,90,14,72,4,0,1,1,0,0,,
677,UP,Uttar Pradesh,UP_Prayagraj,Prayagraj,129,45,80,4,0,2,0,1,1,,
678,UP,Uttar Pradesh,UP_Rae Bareli,Rae Bareli,92,29,62,1,0,14,13,1,0,,
679,UP,Uttar Pradesh,UP_Rampur,Rampur,205,40,163,2,0,3,-1,4,0,,
680,UP,Uttar Pradesh,UP_Saharanpur,Saharanpur,272,43,229,0,0,4,-1,5,0,,
681,UP,Uttar Pradesh,UP_Sambhal,Sambhal,143,72,70,1,0,0,0,0,0,,
682,UP,Uttar Pradesh,UP_Sant Kabir Nagar,Sant Kabir Nagar,145,85,54,6,0,4,4,0,0,,
683,UP,Uttar Pradesh,UP_Shahjahanpur,Shahjahanpur,48,29,19,0,0,3,3,0,0,,
684,UP,Uttar Pradesh,UP_Shamli,Shamli,51,10,41,0,0,0,0,0,0,,
685,UP,Uttar Pradesh,UP_Shrawasti,Shrawasti,46,17,28,1,0,2,2,0,0,,
686,UP,Uttar Pradesh,UP_Siddharthnagar,Siddharthnagar,148,50,95,3,0,3,1,1,1,,
687,UP,Uttar Pradesh,UP_Sitapur,Sitapur,44,4,40,0,0,0,0,0,0,,
688,UP,Uttar Pradesh,UP_Sonbhadra,Sonbhadra,14,11,3,0,0,0,0,0,0,,
689,UP,Uttar Pradesh,UP_Sultanpur,Sultanpur,102,42,59,1,0,2,2,0,0,,
690,UP,Uttar Pradesh,UP_Unnao,Unnao,54,25,27,2,0,0,-2,2,0,,
691,UP,Uttar Pradesh,UP_Varanasi,Varanasi,243,107,131,5,0,1,-1,2,0,,
692,UT,Uttarakhand,UT_Almora,Almora,73,10,62,1,0,0,-2,2,0,,
693,UT,Uttarakhand,UT_Bageshwar,Bageshwar,35,17,18,0,0,2,-5,7,0,,
694,UT,Uttarakhand,UT_Chamoli,Chamoli,34,18,16,0,0,1,-4,5,0,,
695,UT,Uttarakhand,UT_Champawat,Champawat,48,20,27,1,0,2,-18,20,0,,
696,UT,Uttarakhand,UT_Dehradun,Dehradun,375,250,112,9,4,6,-25,31,0,,
697,UT,Uttarakhand,UT_Haridwar,Haridwar,144,97,45,0,2,9,8,1,0,,
698,UT,Uttarakhand,UT_Nainital,Nainital,324,107,216,1,0,1,-82,83,0,,
699,UT,Uttarakhand,UT_Pauri Garhwal,Pauri Garhwal,47,30,16,1,0,4,4,0,0,,
700,UT,Uttarakhand,UT_Pithoragarh,Pithoragarh,44,23,21,0,0,0,-20,20,0,,
701,UT,Uttarakhand,UT_Rudraprayag,Rudraprayag,24,21,3,0,0,2,2,0,0,,
702,UT,Uttarakhand,UT_Tehri Garhwal,Tehri Garhwal,149,51,98,0,0,28,28,0,0,,
703,UT,Uttarakhand,UT_Udham Singh Nagar,Udham Singh Nagar,91,28,63,0,0,1,-16,17,0,,
704,UT,Uttarakhand,UT_Uttarkashi,Uttarkashi,23,6,17,0,0,0,0,0,0,,
705,WB,West Bengal,WB_Alipurduar,Alipurduar,37,33,4,0,0,19,19,0,0,,
706,WB,West Bengal,WB_Bankura,Bankura,140,97,43,0,0,25,24,1,0,,
707,WB,West Bengal,WB_Birbhum,Birbhum,204,32,171,1,0,8,2,6,0,,
708,WB,West Bengal,WB_Cooch Behar,Cooch Behar,205,155,50,0,0,47,33,14,0,,
709,WB,West Bengal,WB_Dakshin Dinajpur,Dakshin Dinajpur,44,11,33,0,0,0,0,0,0,,
710,WB,West Bengal,WB_Darjeeling,Darjeeling,102,66,33,3,0,13,-1,14,0,,
711,WB,West Bengal,WB_Hooghly,Hooghly,602,406,184,12,0,10,2,8,0,,
712,WB,West Bengal,WB_Howrah,Howrah,1457,885,522,50,0,38,25,12,1,,
713,WB,West Bengal,WB_Jalpaiguri,Jalpaiguri,95,83,12,0,0,41,38,3,0,,
714,WB,West Bengal,WB_Jhargram,Jhargram,11,5,6,0,0,0,0,0,0,,
715,WB,West Bengal,WB_Kalimpong,Kalimpong,18,10,7,1,0,0,-1,1,0,,
716,WB,West Bengal,WB_Kolkata,Kolkata,2886,1471,1155,260,0,128,83,39,6,,
717,WB,West Bengal,WB_Malda,Malda,231,120,111,0,0,5,2,3,0,,
719,WB,West Bengal,WB_Murshidabad,Murshidabad,129,32,95,2,0,7,4,3,0,,
720,WB,West Bengal,WB_Nadia,Nadia,134,73,59,2,0,0,-14,14,0,,
721,WB,West Bengal,WB_North 24 Parganas,North 24 Parganas,1158,700,400,58,0,55,41,12,2,,
0,WB,West Bengal,WB_Other State,Other State,66,45,18,3,0,0,0,0,0,,
722,WB,West Bengal,WB_Paschim Bardhaman,Paschim Bardhaman,82,40,40,2,0,12,10,2,0,,
718,WB,West Bengal,WB_Paschim Medinipur,Paschim Medinipur,178,138,39,1,0,1,-9,10,0,,
723,WB,West Bengal,WB_Purba Bardhaman,Purba Bardhaman,125,27,98,0,0,1,-5,6,0,,
724,WB,West Bengal,WB_Purba Medinipur,Purba Medinipur,144,68,74,2,0,3,-6,9,0,,
725,WB,West Bengal,WB_Purulia,Purulia,63,22,41,0,0,0,0,0,0,,
726,WB,West Bengal,WB_South 24 Parganas,South 24 Parganas,295,173,114,8,0,13,8,5,0,,
727,WB,West Bengal,WB_Uttar Dinajpur,Uttar Dinajpur,207,51,156,0,0,0,0,0,0,,
728,AN,Andaman and Nicobar Islands,AN_Unknown,Unknown,0,0,0,0,,0,0,0,0,,
729,AP,Andhra Pradesh,AP_Unknown,Unknown,0,-9,9,0,,0,0,0,0,,
730,AR,Arunachal Pradesh,AR_Unknown,Unknown,0,0,0,0,,0,0,0,0,,
731,AS,Assam,AS_Unknown,Unknown,124,5,119,0,,0,0,0,0,,
732,BR,Bihar,BR_Unknown,Unknown,0,0,0,0,,0,0,0,0,,
733,CH,Chandigarh,CH_Unknown,Unknown,0,0,0,0,,0,0,0,0,,
734,CT,Chhattisgarh,CT_Unknown,Unknown,1,1,0,0,,0,0,0,0,,
735,DN,Dadra and Nagar Haveli and Daman and Diu,DN_Unknown,Unknown,0,0,0,0,,0,0,0,0,,
737,DL,Delhi,DL_Unknown,Unknown,29155,16925,11357,873,,0,0,0,0,,
738,GA,Goa,GA_Unknown,Unknown,0,0,0,0,,0,0,0,0,,
739,GJ,Gujarat,GJ_Unknown,Unknown,0,0,0,0,,0,0,0,0,,
740,HR,Haryana,HR_Unknown,Unknown,0,0,0,0,,0,0,0,0,,
741,HP,Himachal Pradesh,HP_Unknown,Unknown,0,0,0,0,,0,0,0,0,,
742,JK,Jammu and Kashmir,JK_Unknown,Unknown,0,0,0,0,,0,0,0,0,,
743,JH,Jharkhand,JH_Unknown,Unknown,0,0,0,0,,0,0,0,0,,
744,KA,Karnataka,KA_Unknown,Unknown,0,0,0,0,,0,0,0,0,,
745,KL,Kerala,KL_Unknown,Unknown,0,0,0,0,,0,0,0,0,,
746,LA,Ladakh,LA_Unknown,Unknown,0,0,0,0,,0,0,0,0,,
747,LD,Lakshadweep,LD_Unknown,Unknown,0,0,0,0,,0,0,0,0,,
748,MP,Madhya Pradesh,MP_Unknown,Unknown,0,0,0,0,,0,0,0,0,,
749,MH,Maharashtra,MH_Unknown,Unknown,2553,783,1661,109,,0,0,0,0,,
750,MN,Manipur,MN_Unknown,Unknown,31,10,21,0,,0,0,0,0,,
751,ML,Meghalaya,ML_Unknown,Unknown,5,5,0,0,,0,0,0,0,,
752,MZ,Mizoram,MZ_Unknown,Unknown,0,0,0,0,,0,0,0,0,,
753,NL,Nagaland,NL_Unknown,Unknown,0,0,0,0,,0,0,0,0,,
754,OR,Odisha,OR_Unknown,Unknown,0,0,0,0,,0,0,0,0,,
755,PY,Puducherry,PY_Unknown,Unknown,0,0,0,0,,0,0,0,0,,
756,PB,Punjab,PB_Unknown,Unknown,0,0,0,0,,0,0,0,0,,
757,RJ,Rajasthan,RJ_Unknown,Unknown,0,0,0,0,,0,0,0,0,,
758,SK,Sikkim,SK_Unknown,Unknown,3,3,0,0,,0,0,0,0,,
759,TN,Tamil Nadu,TN_Unknown,Unknown,0,0,0,0,,0,0,0,0,,
760,TG,Telangana,TG_Unknown,Unknown,357,-941,1191,107,,0,0,0,0,,
761,TR,Tripura,TR_Unknown,Unknown,0,0,0,0,,0,0,0,0,,
762,UP,Uttar Pradesh,UP_Unknown,Unknown,0,0,0,0,,0,0,0,0,,
763,UT,Uttarakhand,UT_Unknown,Unknown,0,0,0,0,,0,0,0,0,,
764,WB,West Bengal,WB_Unknown,Unknown,0,0,0,0,,0,0,0,0,,